id,true_lat,true_lon,pred_lat,pred_lon,country
1198015930637035,47.58736244394304,13.72243335782696,45.34837103974532,14.681442574629537,AT
2627501530880734,-21.690540312924,165.67395409726,-33.68240537238888,25.5985010064136,NC
464312504633961,25.061219179854,-77.474052344488,19.792563790478994,-70.67106958842396,BS
1640910792965420,14.05090975535,-83.408252576108,5.043603919385558,-1.5960385104392472,NI
784509382269632,39.054295235447,125.75444015475,43.49589823608147,25.21603089380903,KP
1203580403446328,59.403162352068,5.3346943684814,54.08064207430382,-6.369851953738649,NO
529318031569520,35.884852698,14.543835095527,35.84617280797764,14.435067955088286,MT
579627393601024,31.161290071016406,27.62620232776423,31.063212494904,28.25191760902587,EG
493287055050730,18.529699440908,-73.82906994801,18.428495154646953,-74.09990722949902,HT
194636675718395,15.711283292961,-86.911458774945,14.659278883243044,-88.15836264649309,HN
324862519056205,19.31841800221,-81.382583014952,-27.452928955650698,153.26812997436835,KY
312497683776326,-3.5385285661184,29.342796802632,-3.404518417628856,29.130501595228026,BI
524249899215869,-20.36057432562562,57.57448506856856,43.41030239613381,40.43791000500923,MU
762407414666903,18.261799133186,-66.040383948361,21.490107266463156,-104.85351199466857,PR
1162773017520174,6.3181766455254,37.510104406035,6.314726024853194,37.55427321570636,ET
3356357477800408,-13.862024739384,-171.85937431059,-12.101750638004447,-172.30099722085197,WS
487479689165720,-0.79790097222466,-77.201507380967,-0.9366340869636381,-77.46160806413674,EC
255694192945304,0.23852452895088,109.87510053714,16.801255220763764,-88.51422236086441,ID
810188746588631,46.29075689375,10.078154998184,45.88933408310237,11.658029556858052,CH
152336490235316,6.1412981189533,-10.222955468447,6.392241509426937,-10.403553271364672,LR
1128248694323507,4.9712879947102,-52.440325961909,-34.82644212389592,-58.154288232658075,GF
319600276196154,17.249258189479,-62.655520880016,16.941776597359446,-61.86258380475623,KN
227605128698501,30.534718182782,35.557018519973,30.378704530973945,35.712197284356826,JO
469353001013618,-4.8497851046353,11.90522368749,5.351212571946511,-3.7712969266155314,CG
312137333614311,50.147457733865,106.21881807879,1.093411527490935,34.12691329665633,MN
417436926432877,-9.466630277777776,160.38180111111112,-9.655659840231925,159.03974315052415,SB
521833368998076,33.828288106674,35.578984207651,33.92064992081176,35.70327795371103,LB
804138920493771,-0.43494769438863,-76.201325946671,-1.0592513269527912,-77.48417890732854,EC
302261168190071,-13.859325484052,-171.70998038915,6.9296124928999685,158.92810252710328,WS
1226452984452730,18.570054722222,52.82152305555601,17.625272321281518,53.072716625863464,YE
321769825972532,56.815207379952,13.937240092613,58.20131112539969,25.190431029990194,SE
773469050698883,0.4364979004820079,9.440864620026538,5.236585544951257,-0.7837825141309147,GA
333032548339836,51.706235270322,-9.7173149835356,51.85633968621585,-9.82458088326184,IE
321482029535925,44.652229350002,21.162756330018,44.650472197289666,21.30921472861827,RS
832510974027702,-17.456552891966,-65.728142843828,-17.564975953866096,-66.15543100357439,BO
109891514526025,48.213328182129,28.09057650588,47.96982929004854,27.560275434824636,UA
2942639579308445,34.805369127435,127.95898406217,37.395864553045755,127.70205267748753,KR
370894024357836,15.425447150296,-61.271269855519,15.574380121878775,-61.41466005222365,DM
788101518532706,11.258356617235,-60.564806768225,14.592547989445263,-61.01404570310923,TT
3872288566218352,50.796778330451,21.153443346433,51.4002975728242,19.936151974551137,PL
1002859423856924,17.09712846732,-24.97047664313,28.706864666425133,-17.758224674219438,CV
238160651412928,-46.337650900733,167.79026062048,-46.2234957097233,168.20590357294998,NZ
2563203020654329,54.32142990519237,-4.456551481932205,50.84299696772881,-4.224981720237281,IM
732194144134616,9.3458958330497,-79.823967302875,9.299967543539127,-79.68252634591605,PA
476322813419625,17.628516606198,-63.231308396649,-20.899997404313556,55.427955787716556,BQ
1136304350214402,-39.328969954559,174.63690058405,-39.359097978404336,174.90792342520493,NZ
486828262519306,14.646929324615,-60.975801183717,14.60310476143708,-60.97904606111542,MQ
1387937924894828,47.907557209354,107.17858480002,42.61604578519907,78.32699044117277,MN
944100506347413,4.8670503980303,31.542952103365,12.53643389029182,-1.7157512950135922,SS
225738692700446,69.2342740620203,17.971246283328018,69.170079454838,18.30530094611915,NO
138012564971418,-17.546030537707,-149.57580216474,24.89800762308818,121.25689702777969,PF
1349102025473123,60.210439476288,20.246196471172,60.22480681712618,20.03114433369527,AX
481515363098541,8.3835270285271,-82.196719096621,10.234632655552337,-84.8445227789332,PA
208681127527124,49.241162571487,-2.1218631166228,49.215997418179896,-2.0896178200887046,JE
496883494997876,12.508559533613,-70.010590958509,20.05762926424846,-86.9009367721979,AW
1258448591563623,-8.614371141011388,35.602892240053215,-37.04384762518039,146.33653944315395,TZ
849655245900069,5.9311045328258,15.65109465938,-19.326260267795583,-47.26003237889893,CF
1448430112350839,11.026769583975025,-8.632346605323722,13.324247909089856,-8.225721079328803,GN
711741309997504,-35.434392939173,-67.582981443437,33.2824082630894,-101.37076659170171,AR
330646891800305,14.870259800656,-24.373949477736,27.99548866966307,-15.878531310001499,CV
844947319428707,12.572384044567,-70.044602664275,13.218218864706014,-59.624020028582514,AW
1424082877926694,39.063764515107,125.77381801639,40.622117425948666,22.950436630936508,KP
262049738998529,15.746495092756,-86.857367093038,15.558335428853034,-88.05407221601726,HN
2941932222749741,8.8904169624644,80.720461103422,17.206140363151537,79.34745350310271,LK
2957416491247002,22.534707236092,-79.367474703615,21.732480619643187,-78.27624480927449,CU
1339793246404338,78.178055846086,15.902100697497,64.29726821159359,-20.846073673143014,SJ
742849163058043,7.9945228460384,126.06338592216,10.383634428428659,127.31309025950193,PH
487902825754300,18.349709806038,-64.886627593059,30.47716598501384,-91.07241808666559,VI
188819323085799,41.434692972264,43.314083402676,41.37808632914061,43.44571319849052,GE
449823653747421,53.88835461402647,-122.76729722632489,51.04156203980921,-114.04434619660108,CA
227770655816183,49.479739351354,-2.5890746408905,48.408398534001726,-4.744714963960969,GG
216079839905055,19.324976978962,-81.381549997813,26.131839353570953,-80.2161044129805,KY
828630294440097,3.9058095275261,11.829761470611,19.53512308204934,-102.08256445755477,CM
860118858181209,-20.177979,57.661693,-20.164878019195786,57.49487229820362,MU
114507540681851,35.729256605436,128.41830771074,17.809686817416388,105.58094896413026,KR
661381454786146,-18.972548731094268,29.805283361910963,-25.593908485032777,26.30365209490863,ZW
222747492577837,61.352664593679,27.429725107498,61.28421759885514,27.46193492021102,FI
138806294926443,38.717835758735,58.495184798492,45.193590044351026,74.1326846260427,TM
135421499385396,13.275246919086468,2.911011286873044,12.680562469999533,4.814312316458229,NE
517034622643483,-9.0920015075631,160.82242285539,-9.31473205351148,159.122973958328,SB
2526299567665760,35.829307962213,14.558295593658,36.05797896237439,14.2631286187881,MT
281947363629492,78.231350087799,15.142395905188,65.71443495571535,-23.328111678573165,SJ
309954333906145,40.335258934887,19.990673334292,40.1191434310547,20.061601601112304,AL
163258222377928,-8.7192284268616,160.86453616743,19.536924669173146,102.71542015258312,SB
497041608993768,7.354967160960991,134.4972694391149,35.758476286044214,-76.15176033097916,PW
325055798982586,-10.203132697528,31.216979658259,-10.430192858049942,30.391979729507486,ZM
361816321938390,12.57472666996,-70.041979864956,-0.9621871736987265,-80.7070113795901,AW
1145510005966861,18.05148025828786,-15.896397560721027,16.910022009058594,-16.082820645656643,MR
262345932212210,15.140006372867152,39.26672870985676,-1.3711229651017467,37.32274598895355,ER
901986960835723,13.278551582622178,2.917996515380901,13.501714558035392,3.4290623336643873,NE
317050140097070,43.4276581353825,24.38127115862344,40.633342706548916,-93.82442582918087,BG
994714827967018,22.682567905302,39.11769149111,25.890192100595403,50.23907330270916,SA
145209974249665,16.762668175828,-62.220769939941,14.127609583324562,-60.96424563306176,MS
763480160945552,3.114388438698,31.177872023014,2.74589130729119,32.161502440589324,UG
4405163029511350,43.682079175037,23.978223195064,43.79335614345329,22.835062775620738,BG
326659798812032,12.410385336248002,-16.110049424682003,15.85051733369687,73.75513047900019,GW
895631547651467,12.080356238018,-61.704118318475,14.614001034240005,-60.99682917633705,GD
953292548822411,18.0817933464398,-15.894888251115804,16.71192767576784,-15.64704909130789,MR
1179673359141283,-27.440457092686,31.884625638401,-25.21085007866204,31.859697447465667,SZ
1391570534555001,12.121586777999,-61.634729332904,15.602475008721122,-61.44850015285627,GD
1931718050309638,42.316673318457,42.610766550542,34.618220269900334,-84.69664219142409,GE
1441784959495240,18.614866388889,52.371751388889,17.601216922621955,53.244433478019815,YE
1092193684624091,13.222041768155,-61.27004985443,19.337804941635735,-70.62659315021193,VC
545855749735091,44.933679619312,10.542218724088,44.84486629786752,11.76258024532649,IT
2774084016236056,4.2465653216704,73.54886569526,16.358193337024794,-61.49067958905831,MV
193239609283383,16.442716181297,97.600636667113,12.16829060310591,109.64569728749215,MM
838605060406461,-38.684857801033,-62.245177670808,-36.84362201829679,-59.09695250773011,AR
1398766300483374,-20.281888888888,139.05741666667,-20.285682623302307,138.1850886587234,AU
309592324146292,-40.470381504032,175.24679558692,-40.355647283599644,175.61663087580447,NZ
787330225321281,78.186979979764,14.79210601878,64.73373338184167,-14.259104631578461,SJ
481435006457069,41.714515597444,19.778002854189,41.97364468699669,44.90823964750688,AL
562746315113072,-21.036239487922,55.673092800575,14.556781444935439,-60.981325276153676,RE
251075026766241,42.736773777269,78.935492923137,43.00852435711612,79.24845531318175,KZ
4010096302418176,13.274118,121.232275,14.916889704514327,120.86274952021816,PH
385537683018740,8.58587702121514,-10.943586617629483,11.282626504211969,104.5680935190108,SL
180372857328994,49.843429916622,73.222888258927,52.0854513957621,77.20986529520793,KZ
907851513392138,-18.164645479454,178.22136593468,14.565992939613622,-60.99102829525876,FJ
1131598217344189,54.864195040685,8.7383931888414,53.29575226304814,19.601072399052534,DE
3247097405547891,33.97288015656933,71.60789771722264,34.02951133166687,71.51811089807214,PK
1063412324270300,-15.431355385415,167.20499794568,-15.833129735178472,173.79263665538656,VU
478746096705872,12.1865576631,-0.3910576992899,21.61471114878972,104.95810479122142,BF
163486722253544,18.376454722061,-65.907019733384,8.056426619763128,98.67521665179738,PR
1394646127681740,50.27605756468763,-5.022433442071348,50.30875869187951,-5.009838795428832,GB
311036310426740,10.534375285392,-85.108561963834,-28.56838853982205,29.355646258489084,CR
180655490594869,-4.2955834051727,39.583247618282,3.341988445241106,-76.52373322410337,KE
225040172344104,54.10668466178,-8.5444506137227,54.048986877973256,-8.528521036781797,IE
590599688583224,62.579080335013,22.030513453623,61.14222642359125,22.07330954111378,FI
378410597431210,11.755141729610802,11.99142765025279,32.72606838634768,-96.44191619874529,NG
769560623930363,13.781555904684,-60.954984062834,13.71235814678596,-61.00152686714413,LC
191217559525689,10.598613143242,103.76819114404,14.014943056682428,100.7720703803539,KH
960119301406916,8.934567996624,15.810201192055,9.977288066675785,-12.809019782139755,TD
162029952434974,10.416592641005,-6.9267518159549,11.11191665765008,-7.189776803493709,CI
777563772895063,60.262939806644,20.372533414245,60.269607227414305,20.296684991135177,AX
483016122754010,8.2177331232449,-10.640871255174,9.129618128553808,-13.043943760119555,SL
945669026244322,32.28289364111786,34.89665697754903,31.93320844580791,34.846594069399124,IL
834907740772712,-51.828914124143,-58.391576104278,38.2473148564582,-6.150603733266409,FK
315786796574792,17.029958580939,-61.837386119134,14.278827341697651,-60.945874927124244,AG
3935353219835220,5.0624805680856,-52.559930285878,5.141159489242711,-52.73019542741415,GF
703624374104706,11.148071748184186,42.461472571281,45.21443514574325,73.88116137751648,DJ
552376936150414,45.747934121718,28.392399493234,42.23619778176677,22.68334785388185,MD
279990610516417,-25.052590421722,25.938389437355,-25.24901313352776,25.88268581639564,BW
244594784129468,17.181606776437,-25.056350793491,28.65423252967434,-17.724385141614096,CV
916296905814911,29.986443376454,35.073653850875,31.108180636537185,35.38531591213732,JO
160409959286661,13.609489121743,-15.203056960483,52.869404924113404,26.42656271009558,GM
375549574325666,-8.088511666666667,156.78238944444445,-9.62855625133604,159.63434855164624,SB
6504127516293875,-20.153986376711,28.58502890468,-33.297861429791695,26.5928438852342,ZW
955352585280405,53.073543217589,5.6644949286343,53.01131988841612,6.651849378850834,NL
198798338740227,41.487329996943,45.08669320994,48.47408238679269,44.566236028036656,GE
747640439246618,6.555528380315,-10.331525634335,6.44372485673502,-10.559530349681195,LR
537333261008423,39.113511978868,117.21046994629,39.895734675903704,116.44146933451526,CN
5205930492794121,13.596220054527333,-87.36529096486619,13.618637851589828,-87.49259489704839,HN
282961036881213,36.025363064061,14.258923344808,35.841451662118054,14.209382740545637,MT
2898417523733065,12.385310410818,-5.9561351141694,12.436321169494079,-5.7327375153254065,ML
814006309495024,18.427369706947,-64.568261557542,17.165856777061713,-62.18779318784855,VG
363924908375174,-4.7913317580586,11.855642981142,5.563088109873984,-0.2181456091483472,CG
520091355848418,69.217861349712,-51.109419049396,62.06361571639951,-6.949805124711478,GL
840734783196696,32.126256113931,44.324859980182,30.054943823277505,31.319570516581287,IQ
226163689282727,12.168906318554,-68.967070805139,13.046371138575099,-59.273168403259,CW
341214407334376,-19.377102833928,34.400509607794,-16.733396909066332,-48.172543250754856,MZ
894968224414635,34.986110625975,32.668982915426,34.99569773132962,32.67511803108782,CY
462694431488011,18.632063011792,-68.389902993932,26.29908369679588,-80.2151435839299,DO
857893648147331,-10.905676698416,14.247198141961,15.771130045370017,-88.44713431006882,AO
382009819762071,39.329365017441,27.62045985936,40.99696967396768,32.06832052776924,TR
271875871339932,11.850545983225,38.038235893261,12.206618345717423,30.689592216669457,ET
525646118616107,-15.637682963249,166.84078278513,-15.516219267395126,169.1935270791094,VU
2982805328705469,64.437207664635,24.181485346398,64.29551844893595,24.350802570573883,FI
320116623608771,23.185410152402003,91.17769833999328,23.1586457313548,90.96590527517363,BD
803534963702486,51.121882315762,3.1082009025971,51.84520114185242,16.90145227151192,BE
376395010415901,13.924250043571,-61.056412107275,13.89167340601458,-60.95047988647737,LC
303078421392591,-16.446930463398,-152.24847310031,-16.912825598074782,145.74887223265347,PF
312172783608841,49.510993358681,6.3452033888591,49.8238250553925,4.784057298354235,LU
6235880006437043,-3.1366812272296,-79.214143657851,-2.8625195063449462,-79.06112265370282,EC
965921670819949,-10.479678823577,105.67386300715,26.05604782456508,-81.41065873226344,CX
925871031561258,-6.2639877158616,107.06741782953,-6.316646041443375,106.79305950192773,ID
1164097447347216,4.8674337462563,31.519362784566,6.4664886448716485,2.691977271304884,SS
4396227090475829,-1.2678653976589,36.678122304876,-1.1648917141082311,36.055986863446314,KE
865652107497194,25.981085501999,50.457665915183,16.131499147532246,-16.538736424062975,BH
299799271640333,2.1039771270774,45.331583431777,13.571726781915794,78.27274685175368,SO
461018955189846,14.544694692651,-60.871651329228,-7.07601902279998,-35.4032281163714,MQ
848673612668103,42.673726026337,20.952183058644,42.856976912681574,18.2809276052779,XK
1416342685418545,-18.613385898721,-174.00201190817,-15.56983359067235,167.19206957822047,TO
494963678607139,41.553688076193,76.443594560854,42.73381590288677,70.78438533268442,KG
219389349648885,10.15103545444,-0.08621895664982,10.362610180994603,-0.30352912614223126,TG
3089177431309627,15.373065639057,-61.261521114061,18.628681265036047,-74.10236642202132,DM
267446095163419,-24.410317211088,31.569065250692,-25.269830075818653,31.916202424432022,ZA
302215634735033,41.271908839255,44.308127758638,14.773740622698279,-91.04187146897254,AM
2667851503513129,17.27324849632742,52.95912218803253,17.42908308472397,53.14289643693318,YE
153409713461640,8.790179318271212,17.833063690255294,13.324060512307156,-8.494302750909377,TD
197648665524336,32.845770012076,3.9393382718177,37.871311993248696,40.93394099005203,DZ
186111083366529,51.38944480684,5.6393438286668,53.4498019407057,6.863891019779327,NL
2778308682433187,46.907087389519,21.768223720096,45.34100525042859,20.07381392816302,RO
937732960392917,57.179863762985,9.5235696942098,57.17865041304342,9.55249572743397,DK
1146261095856485,7.3615432427089,134.43713448334,-17.524944205446154,177.89952775419232,PW
481510253092194,55.547652479706,10.237061583967,51.66560177063789,8.22124834897902,DK
373515770750013,52.085212737279,23.57416942403,51.58407912236767,23.457182403383573,PL
509958026699758,8.7996562999047,17.834358755261146,12.4528113254891,-15.48671995305356,TD
898715014311013,48.970224789976,9.8639365242088,33.06215011373788,-97.08066334377897,DE
1199206943853136,-16.678932002412,-60.816984800192,-23.50603985848965,-47.48716712562172,BO
498260671492955,-38.013275055456,-73.225185383762,-35.44427379320023,-72.45083673077357,CL
894859321231304,12.227082918058008,-69.07847800166279,12.192154930755333,-68.60015857833417,CW
1389207538112280,-18.237830811581,177.83923612892,-13.450708399721249,-172.3565209587184,FJ
853984918525885,16.723203555806,-62.23130997289,53.13336017970407,5.444687766973397,MS
122049223635653,-9.093844554597762,143.20550105803093,19.78008101807532,-70.71324337956423,PG
503430330798585,15.754797111762,-86.834109918362,15.608776041226868,-86.82062312428252,HN
909387153127451,28.736208967151,48.003263644262,29.510931052031484,47.76190426714515,KW
906902016543352,31.331782024306,46.203432956327,38.21681042712967,57.79355034754418,IQ
2928214434172169,1.1206763559822,104.10141369167,-23.503180689077315,-47.475064614386596,SG
450152016285778,44.280050101707,22.571319099243,44.14437414529937,26.129698605744352,RS
364335675754039,27.44091865174831,89.6695301948495,41.16240633114439,70.66624006355968,BT
1465192193846342,49.242897458505,-2.1257188472841,49.204271148194834,-2.0755790732072232,JE
307943760727803,32.017590561359,35.44667005004,32.09481692665766,35.31859745996834,PS
460785571683103,37.925916394446,71.433043060589,37.11967958907045,72.14371109754005,TJ
1128725237604299,-29.134916665635,150.74974999676,-32.231714616652845,147.5821765281818,AU
490647468911155,40.963268605415,72.227703152599,42.980789970793296,77.76583343523284,UZ
333643931662411,5.6383973900144,16.079947991405,-32.84370678294589,151.24468664540964,CF
1227174381045729,47.768093183573,107.23115509769,47.740334836539176,107.25692569455383,MN
1407497409603690,3.0843020507054,19.86280519181,1.5749469151916136,18.126037112831362,CD
3723636841075361,45.568657163831,14.018918146853,55.1230152262831,15.06615033696184,SI
165305525550262,8.3525370889256,-10.025850369874,8.281306909584263,-9.734732390346377,GN
340729614142712,18.491135,53.019456388889,17.529410263046895,53.987089474135146,YE
454659182301876,-11.625933853582,43.262174830246,-20.917999846023868,55.57113103019652,KM
668193423973890,-24.287426139806,25.329460617088,-24.15229964440639,24.450697274012807,BW
838630760070492,25.060757368329,105.86456403205,25.1040724840376,105.79914119525404,CN
390606075408650,42.986310463262,19.555681585034,43.057736993195604,19.970714918354346,ME
131134676170300,-12.948481303182872,45.128315287832365,-12.757751060231357,45.09564447382046,YT
1792656240942534,13.919496365755608,-90.97051612073146,14.525185187774984,-90.53390984217293,GT
170823461623752,16.241110201764,-89.025642613932,16.363962516227545,-89.01740759763945,BZ
326797512347685,20.477204466217,103.99483406515,19.459272003072318,101.92374053305234,LA
603719283920573,40.194963555707,44.545682589004,48.158782280451234,28.29921004284539,AM
307023807471036,48.822446939892,15.635962976885,46.43952186334849,24.94353312062338,AT
1360919617610849,48.744206328516,20.484833979395,40.6282232355012,-82.40990432692706,SK
4130359377021158,12.744808419842,-86.016174505038,13.525528428157422,-84.80119776876313,NI
186509513837116,-9.162518629974178,125.26855431414576,6.000688491553188,-73.50110473906479,TL
305027981215954,-18.157704641057,178.42394691893,4.708910645835524,159.31716642875915,FJ
156576193076602,-0.78254800116056,36.454570001926,8.131460000604218,38.756461393847125,KE
713195779986935,15.71706020536666,-87.91892889999826,21.082440238499498,-101.60603031551591,HN
211686643757850,18.378333055477,-65.856644722755,-20.235779129073244,57.627252730870474,PR
1127316044444733,45.524200027704,20.00828632566,45.07531207970409,20.23420602451523,RS
1705161749686063,1.6727266549458,109.85191823171,16.872181315277768,104.35501202536868,MY
1180959432346280,4.2166399722222,-55.441371916667,-27.076311968501344,-53.881709903429886,SR
152378826822821,62.297150880353,-6.3605044614883,62.97285882655693,-7.078590865066254,FO
2163885233752606,46.261529486069,41.00615902421,45.88033207292233,40.349180338081844,RU
828943404645761,-4.2440126883445,39.574345953224,19.2057026364717,-89.44216391058336,KE
145074444769704,19.85141683329288,-70.79678177411726,19.792848534770652,-70.78927688828745,DO
167921538557854,32.347416850468,15.10321327924,35.63685883260117,-0.541010438716043,LY
628318788994208,13.152619444444444,-59.56710666666667,13.192804046508895,-59.60435143392101,BB
842741859611073,16.018956092128,-61.581760537768,16.248637673855058,-61.595901135653634,GP
310752417096783,66.229694079253,29.133889499018,67.47814560284459,24.89179084733948,FI
280932113713079,11.564178753638,15.28787472986,5.694305434069527,0.057574019274255865,CM
306629164189671,31.994107162003,34.880880875532,24.976431297974187,121.28226375862062,IL
375713220429607,-20.444336397825,57.719071106087,-33.577564137364504,-70.70402229561276,MU
935998006944813,2.0128177809748,-157.40717950301,39.83377080975467,24.98364729410803,KI
243279310922728,22.002956746269,59.647583227775,23.23140317230093,58.87965879144969,OM
302369984598824,4.2729453578223,11.366798338452,4.238154930347065,11.534149361564124,CM
1410294946017903,39.031705816026,125.75630076806,-20.58773738305196,-40.5761891186742,KP
557405362093639,36.954042854563,8.9131949083518,35.28571699851678,24.822860669530648,TN
508273253877668,60.696459628121,23.784802432989,60.59144273531279,24.083327425524892,FI
822631438351061,41.306291815096,76.061806069928,46.41513501492178,-75.3005700631021,KG
1138310456645189,43.382281881015,16.41157939924,31.078322982844526,130.65927671521308,HR
222871899226271,-15.510435536345,40.349633637766,-15.400782507318995,40.33860352312902,MZ
653703302135487,21.606686370966,39.215434593079,30.033457674734844,31.441550084863934,SA
512353726583180,57.378685294191,22.247361108176,56.83116124434947,21.653025447586774,LV
221188212807394,5.9007667928315,15.424776553249,25.216880861695476,105.85112391168664,CF
319019459840888,18.609369461477,-74.151456712619,18.63913989191638,-74.12805507358965,HT
3291218371154050,-17.313447180213565,37.46183809351605,-14.561416847093335,40.1384097921341,MZ
584561212946534,-19.59947361892,169.46805368552,13.884619348108759,-60.99828656088943,VU
304491461128491,-24.913992289767,-56.992001471465,-24.94890279803281,-57.60328856558406,PY
297816615150376,21.480754782652,-71.133236713743,21.827993096347296,-71.01942413306391,TC
393440354996585,52.70481457742,27.450028836652,52.15957431052256,26.37418331004986,BY
473720683849376,40.29467551394,43.521641209406,40.314160319842195,43.53606207413599,TR
454870842476357,28.72600008284,48.263573067355,-33.58396516560875,-70.68330183028013,KW
151442870324225,56.727613998069,9.8232903910496,56.677499664238404,9.588802779669193,DK
3734785956631637,-32.223694448748,147.71777777513,-31.640072794635078,147.45330976917225,AU
2674396816191889,2.5936083377885,9.8483489898272,-0.3027316102029299,31.681612596309197,GQ
1379450249134838,11.1299017047619,42.37458637619046,41.03581141926178,-78.46010742146764,DJ
275414690944598,-13.67751150128,-71.664754722863,-14.582596597217556,-70.73269060242596,PE
1234218287109955,-20.82413546364793,164.48620687630458,-17.498113303676465,145.69296126131587,NC
302961411491361,46.996007579057,27.801513788055,46.49835023540664,27.818240678687026,RO
948698085931649,49.321417002248,19.543460957034,49.52788419697598,20.06969776980688,SK
328279275310503,2.1101448348,45.328888943853,13.60431853528757,79.38433643815338,SO
3938529579574500,12.745875526918,-6.8748541915599,12.79681477554466,-6.805343799250608,ML
1194874720960051,12.083080655367,-61.701340518071,14.044272436765631,-61.01634684153486,GD
2660802827398825,16.196727547951927,-16.262142180464767,15.867323684318517,-16.405626149795783,SN
474318140350732,-30.186929671859,28.721722313277,-16.659834158644596,-69.2884630533978,LS
131538628927343,23.927591478789,56.89006326826,24.340081321741188,56.6274815610472,OM
956252018280238,5.6732085786965,16.632589745091,19.687946939163446,102.37159733427856,CF
986557568784559,47.96199867689,3.329329196682,47.91762946147907,3.411487342222164,FR
858888201360481,27.431311876486,89.411968800978,-7.266554170612293,109.737547449123,BT
1122494928228049,-6.2923231452892,176.31516236757,23.102806918097997,89.64794453733171,TV
822289958383794,41.363620514254,46.930408712763,41.7082346354561,46.62062763020849,AZ
507580496941067,41.24483557588,71.582892060753,40.29664385458205,44.0193610420743,UZ
850897392160274,15.37337039371,101.11838827961,15.23340941493495,101.1129678516982,TH
1479666545728283,-2.207944528615442,29.59226081231841,-2.2212263255334364,29.63552703526502,RW
580789552886656,50.678594855093,4.8188742178492,51.69521285707619,20.82638076643396,BE
795872621134242,21.469950825343,-71.131968567748,21.60579474157067,-72.21645060277986,TC
537185557301814,21.468632587884,-71.131614335596,21.39513557240734,-71.76900904225128,TC
533124681034633,9.6221481881675,5.9902728883701,-17.993401241873798,35.790267654999006,NG
459637375114061,16.326241192515,-61.485416089177,16.337425468005733,-61.5147831846285,GP
761065858107101,18.02556598756,-63.076095445477,-33.037379930593744,-71.50124150506454,SX
175886771114688,37.132743072818,71.445580058334,37.11661446485389,71.78064244028408,TJ
3028763490743210,44.505071370572,14.497751817403,39.651165262687186,3.370116414404348,HR
4083027895078105,6.922264444172,81.810604007404,17.285522108148516,79.79161696461779,LK
196273232181806,10.57170873112,-61.274575577684,6.072996061038494,100.4207146170451,TT
311046543750546,5.8181956657151,-55.229591655912,5.833676096825112,-55.151706173435734,SR
1340777496415094,-24.184041937054644,-56.01406804634483,-24.221352443554583,-56.118367834726705,PY
320265609670289,38.422783933334,-28.447899110035,43.35665178671893,143.22393099650796,PT
587462658901340,49.482634783129,7.2198204378864,39.36055133726232,-84.76270005752328,DE
1117419915461502,-13.3507635470948,24.07831798797145,-13.415179582457059,24.584797744592457,ZM
293849812373143,21.729330866875,58.283925067403,25.255531475972838,55.59469902037737,OM
913136816207204,27.685309394915,84.245084160599,12.858772668095396,77.67319922150091,NP
1427947294218129,38.134538979321,20.602291273787,41.46063737316344,13.148036206618968,GR
950864868999393,51.137636946693,23.395299320308,50.41210403271347,22.05588009944952,PL
223308666224105,10.524123082769,-2.6530083555487,12.792407718111544,-15.52018670373005,GH
202168424910797,63.087501381586,29.619921161522,62.15958769338788,22.823568340614496,FI
134334415352783,34.771117780932,10.388663407803,34.751573783640424,10.499339894616746,TN
1123967504754624,2.462911169111,9.8411851986574,7.880945722349772,-11.02755922125127,GQ
563150931329907,-16.454467194083,-152.25488087725,13.183123883614432,-61.20948383846635,PF
527782441730123,19.613317472222,37.21518325,11.407927935884121,-13.944827788546043,SD
874132063313509,2.1211650392132,45.325477296944,34.67333869283272,10.706284494090944,SO
1414690518888723,4.4280699971271,-7.3572366993037,6.49587025254223,2.5560601996153713,CI
1488652064809969,31.757099517069,35.492951999494,27.612353621776286,68.73682436810229,PS
548267689892757,4.8188638046841,31.553307958678,-1.2946039412462915,37.339909653461426,SS
151479410277523,13.926511407569,-90.820049410327,10.951288047841464,-74.78790992661666,GT
282741450237053,40.63918244788,14.689358309553,40.19384393269021,15.479255134372549,IT
466856821203613,32.362756289357,15.075112091192,37.752108112752936,41.010603506973744,LY
503692787493112,-8.4956747146718,28.873913205907,-9.7701595394988,28.101280813950705,ZM
129527739201981,50.74400552946,15.089402768176,50.91170704302965,14.720615268476806,CZ
459080448727005,43.398268683651,17.872251876102,43.5021163587377,17.853712790433804,BA
2599771000325900,10.491317886291,-66.940783689543,-19.760910022569977,-43.95491342877912,VE
1586218158513391,-35.09726470656671,-71.96444205112698,-35.116130617834536,-72.0103993947443,CL
790312034924185,6.4665061966066,-73.264673048874,-23.490895728807445,-47.471700079154104,CO
3828714587227647,-28.982228650362,17.795137519664,-32.703982284399295,18.53142464193907,ZA
915335685911826,-26.650343222475,31.676701721271,-25.19487581186034,32.05056553257102,SZ
295989332000056,-21.294072972472,55.453451741806,-20.91176520700425,55.53955782702987,RE
762826894424335,15.953620769688,-61.226106662441,16.358172535108626,-61.46409881546585,GP
748877299000226,37.48624814219,-5.6260757420713,39.31048146588239,33.64804009488756,ES
995130811306873,23.092040987381,59.032220074214,23.02210636718027,58.69460501444787,OM
173462692069034,50.00493277190843,-109.16881836125964,49.9075292777315,-109.60246769076505,CA
374397180633667,51.090338894144,4.5540810997605,50.83109327161033,4.328764252314578,BE
925791128266982,3.9464155812419,-59.099715656841,41.26516733123878,25.236520717614955,GY
1008151256597783,5.4088235841337,-54.080394782482,26.281034362271114,127.78501809924856,SR
183020897030038,12.165472591779,-68.284782803721,-24.456519070802127,25.42334574917008,BQ
497361505026790,24.459011977771,39.707017834424,33.66311271508603,73.08946037935708,SA
312120757154735,47.999359257395,28.38593989914,46.186371403469174,28.300399185118938,MD
507960406990835,40.602484593203,70.9323931635,40.841424635763076,71.09135292585917,UZ
1068908920302393,28.118257713069,84.092550077463,27.990647952183593,83.33435409265515,NP
2455881761214087,9.3112240684333,7.2316171757752,-11.777633514905554,27.206982446383417,NG
308361434006892,4.4588854980948,-75.339098450144,-23.195396325474388,-47.067489246938955,CO
155484156583350,-42.588544997261,171.13273084297,-39.35393960851764,175.5427917564081,NZ
792143884742189,53.499641726189,-10.025130557347,53.48201937258209,-9.869434951598516,IE
538480140482205,46.417273237497,15.981580762317,44.60002209866558,7.751811726919148,SI
968891463855525,40.418204733364,44.58904057928,40.3104490320506,44.230667126999215,AM
2562980810671463,39.539716862316,22.649912734594,39.316567544317294,22.53458847918516,GR
840569223558585,53.471437474357,30.369358954069,54.86134776976413,26.366658133719227,BY
212713197082595,42.7199422641,21.124316375918,42.558531497693586,21.152984126485585,XK
300368228286972,2.6515753388508,99.632830332947,6.578218563805154,80.26413512744675,ID
803382520382829,-28.928078796683,27.877133995547,-29.112576289806327,27.83677910091544,LS
1251699818583166,9.3253458360703,36.511457430463,-27.570909324740693,-55.74930922117765,ET
134346362021204,-20.169316372954,57.574783850557,-17.118728532166408,-65.9489879850238,MU
2659684644176450,15.207410023546576,-14.26851329497232,13.610572768216763,-6.610414487748502,SN
338266731040151,-27.714887442632,27.237097549584,-26.390650612069724,28.121121275980656,ZA
290719459343271,25.048779030648,-77.341776655437,18.589067210174544,-66.27216645122554,BS
592656634965955,46.682736593205,21.206630159237,46.706210642554765,21.235392234104967,HU
327481305476197,3.6341919176295,72.959377283817,-8.808247891127484,115.15838641242954,MV
511298200008833,41.001835659413,71.969851087691,40.89561180203745,72.09765782973237,UZ
1048097032779725,43.42241145892943,4.995993425198574,43.512428869863065,4.950444065313789,FR
275678077530743,-17.141803188939,177.19494791591,-17.645914716306077,178.24918066531907,FJ
292380389132080,14.868771348072,-61.121170377502,14.59937719835783,-61.04931394316333,MQ
195963679022241,41.444760586953,46.861020646343,40.69046020768191,46.431156642733455,AZ
967102544034985,16.986811638045,120.77076999861,36.47782036590767,138.2624038237045,PH
132001678913743,-38.053559635768,-63.429009930635,41.50397756619897,-102.47272835030908,AR
4323012444383952,-25.366368202834,-57.609654895019,-25.356667278814484,-57.56703180965098,PY
1156261378535995,32.32323776884,-64.709264213971,14.622718771330117,-61.063996864882384,BM
1022165461521852,10.726476338495,-14.376868641028,10.134047508654925,-14.635790344429155,GN
193167485884135,44.181071716568,19.719133913291,44.05259320481496,19.599680011251706,RS
2679866852305147,50.425563977087,60.525062163106,51.815790131562494,59.84538977682691,RU
924145305018051,45.915356124611,13.677818254528,46.653775614232764,13.849425345165109,SI
3991894140857885,6.396085635246,-10.578195078991,6.42340339861538,-10.574708106194201,LR
3753076561487105,2.0937663139626,45.333850241529,33.99024240640102,10.010636692585136,SO
4014259028668392,-23.777002866313,29.535916133115,-28.73685702785011,29.47541406091137,ZA
1164259444051011,-33.004571460529,-56.45950492044,-32.9505378143396,-59.013759620368944,UY
427797935584192,-3.381688479243244,-44.524339863567576,-2.403314492605469,-44.48843337495679,BR
348228456711934,0.368039651477356,6.712420799552506,6.096098207735938,1.086395693538779,ST
4037485459669920,4.8556815609205,31.589953699137,-3.29069066540829,29.19418807048108,SS
157040263028996,18.045966582305,-63.112275507715,-12.953971047620543,-38.42836909055119,MF
1124425647962016,-8.100649444444445,156.82296055555554,-9.312330182564995,159.16279938039705,SB
190098606266094,55.069795005888,22.812891905378,56.56275711481661,26.953172268433295,LT
3863626387049111,15.379540488714,-61.26786022339,18.64242737023766,-74.10989865817044,DM
807900806500123,19.60787766549,37.220870972767,13.375006428547927,-6.709759432381822,SD
135555819075899,46.30515446867184,15.555693802754446,47.53080165469237,8.524772205799863,SI
152233856857550,11.552312562133,43.119735981314,-6.854341046157141,39.24034323766713,DJ
319392699542913,1.3294518861992,34.311410798855,1.9646796318179798,34.394808919898814,UG
991289955033112,34.234741855173,35.65948675276,33.896139660723826,35.479239490690446,LB
328520695545965,63.434626046589,-19.024249484436,64.91746579883636,-23.220809018307513,IS
464789361418887,3.807393,113.74682650005,5.258638245497794,115.54099774031737,MY
1310937239362809,-16.05923501421255,28.45034874273332,-15.535533339544147,28.88613281560597,ZM
1177148709364507,3.9517282399816,-59.127383286379,-27.471203279143563,-58.92605301984082,GY
141607461308537,-22.361528273609,-59.837892878355,-24.426478722464292,25.3312783053528,PY
463077528107904,-4.7878008330033,11.864756923075,5.320348218707558,-3.9876069209004545,CG
173215948022940,8.5714365537216,-9.8691302343456,3.6757260954447126,11.141409965518186,LR
3926033430843905,32.171256244263,35.467920604541,32.125663449969025,35.29797442496173,PS
916665025779516,24.524150796485,67.540287646591,25.120419918863004,68.46983574433446,PK
842532369808274,41.215589499727,-7.4506176074975,41.16566910322942,-7.527533297579401,PT
909312326294088,28.050014468342,-14.340539294975,36.62771338829105,-4.5208874765977045,ES
1207676993015897,10.787243979814,-68.323068119416,5.196395227284346,-1.1090670256502344,VE
317484316498860,51.531648181729,128.20909035955,56.79325658555976,60.84521309214115,RU
947661819318356,17.121694235905,-24.994762874038,15.711546135605477,-26.01141731168222,CV
3947329925333716,12.679493966294,-6.7269231036328,12.656450562584416,-6.479176738187799,ML
142131454599179,24.557496611483,35.148695104321,38.69401219711772,33.81408630996447,EG
165567675960284,19.612087898208788,-70.1751715983372,19.6029434018094,-70.70411181638107,DO
1366666657062368,47.544360211205,12.177256693404,47.33365502609866,13.287344336598611,AT
829244944391118,39.11803685393,-7.7196219014644,39.34115951806279,-6.497497538366743,PT
298013541938371,41.541448730912,-8.7560397976019,41.26307718338753,-8.223018674645983,PT
930318810923353,12.290897526921208,-69.09122276531554,36.50056982539309,2.496342774906249,CW
503246924141783,15.602839427825,32.487242561959,24.701719900092264,46.688261035244466,SD
449325599700589,50.12174331487,4.4948783441326,44.36885419644308,39.262087909321096,BE
467405711031097,17.992572255683,-66.263814308226,38.0862117583646,-0.6477167667221255,PR
288246882935326,40.557590089793,75.163197454637,-16.486463665230385,-48.50111127061584,KG
505540450790369,22.70995468898,92.098773627243,23.815010371270194,90.30351406194696,BD
591386078920254,62.107759453888,-6.6834959276139,62.08806572337982,-6.960373594875093,FO
370606561029319,10.210502973191,-0.07341133185964,10.107657344529075,-0.039961855568211656,TG
439450394288287,50.054284237917,38.880788589348505,50.02422291355873,39.09453670049401,UA
310375324029868,-37.347698548595,-71.82270654997,-35.50243288365603,-72.51092396093107,CL
981591149045969,18.008278271819,-76.772753375805,9.058621602182988,-79.47504111682694,JM
538662890462002,22.639099459104,-80.443942528532,22.54109941701637,-80.2998395335362,CU
481222069768896,22.306404025662,114.25196352132,22.273257396776366,114.1911400327488,HK
853822608822418,-13.764240001823,34.415945000478,12.86976352030283,77.57644592259508,MW
2945544342367414,18.448984494982,-64.550096065019,18.75740034781059,-64.58234511966943,VG
733805970633940,26.209879663614,44.103482474166,29.729469001498252,31.063593875337418,SA
2579377392357434,34.360744713034,0.072177953700416,34.259905662312136,0.08777925123560795,DZ
321976292610460,2.6050561253904,-76.72716581048,2.545150720144141,-76.68181976555286,CO
246778030560130,22.378053670525,103.87749530607,4.7479449681366415,-74.2034382450068,VN
132463405538393,51.895041095248,4.7359317785887,53.147406430092374,5.9403529885756985,NL
159985626091830,42.085182325218,23.055097885585,40.207139274545376,28.992147937164056,BG
740422473321001,35.328722082019,33.504620154232,35.4158553065939,33.94161074053874,CY
6049840251722845,8.4468470660858,-83.484163463651,9.534493343480497,-82.77666446293397,CR
138432154861804,35.516834375223,24.116877817233,-16.727901829884022,-48.77663945248424,GR
171677658627663,18.637934456903466,98.81616605062511,13.236268077909727,101.0294988378582,TH
473447400410020,45.472666923779,13.751881662375,42.15697319061514,21.423213888144343,SI
208370247526297,56.307504479799,9.1351912802156,56.66930510612964,9.63552978550375,DK
1163829564042676,17.629236812387,-63.23181172096,-20.162048898925164,57.50589344996045,BQ
1180300995725561,32.355451166141,15.079114167989,35.6720214162334,-0.5870944720867827,LY
1162905660800863,17.15804609038,-62.622664100026,14.618378466758195,-61.043292132077326,KN
780194756204466,31.983423754021,34.895586904175,31.991949023279545,34.83959158764574,IL
789897778580281,54.185632103826,28.47319812173,55.997868117504254,37.87335364988835,BY
769108033797400,-13.06839043317,-76.274611371143,17.863932763755642,106.31136956834969,PE
5011086665646025,13.613395452952757,-16.429313461515747,14.817901555733984,-16.812443481196613,GM
3772032009586752,-4.0767885530923,29.088814837055,-3.2540097795729728,29.36728046190973,BI
971793776898906,-34.758013649475,-55.95646902546,-34.76262586643443,-56.076392312983764,UY
745163459490620,31.824187546378,35.267560408259,35.70378912986119,-5.785793936222042,PS
531383694528931,37.605095136322,48.695122536588,36.057188779520395,50.476967949245065,IR
355157592673467,1.0703328887576,103.96283377749,0.911769156896198,104.11485391777552,SG
303575617923017,-9.4382405064784,147.20811425115,-9.3045431436704,146.95723800595889,PG
1038259080102537,-26.782850103384,31.938656241877,-25.150437232933324,25.145257891769397,SZ
459158871851075,10.792404464252,-12.298637806325,10.142844335934418,-13.137585383693645,GN
288005262963881,-21.597843332119,23.667795003616,42.062843291287464,25.0352227126013,BW
311438013831843,16.840623273889,121.74439328693,9.140720785467094,98.91220500326718,PH
457187265449390,18.32580535956599,-64.95398969507924,36.61569112952578,28.274437298287,VI
327825698973041,39.559288635696525,72.9109157130074,37.725809459855036,74.6502783066018,KG
1376712112713014,5.1198336159589,-52.65735432583,-7.530454211327761,-35.27232871049538,GF
524817781855332,-14.010419075563,-171.76031777505,-9.653409989182048,-172.15432317246697,WS
858561451393926,36.701828275673,67.096598041303,24.815521872665926,46.66737605180956,AF
177928610855949,6.391780060521,2.6237783121974,5.169563248163378,-3.2590521936859385,BJ
747501719832988,-9.89210909998267,38.8967731000014,1.9149388669758973,32.50807800150461,TZ
488569252193683,12.539996192436,-81.714972968868,10.666238875850963,124.46593759523242,CO
762294004482937,20.222569995853,-76.036013281341,44.39226529676596,-79.29285604630202,CU
526448611961086,7.924136171510359,-11.169831512240096,8.91519551417707,-11.926407214666423,SL
1359226914447321,10.466207945458,-85.77513112055,13.886570048154352,-90.28511790263983,CR
478165190183611,12.430745089839997,-15.317974157219002,12.34268389318176,-13.903114856610202,GW
336533984561274,18.419385888373,-72.877030607553,18.532245364284897,-72.63228185778088,HT
292195892390772,-13.068772639841,-76.278890129748,17.9013470962515,106.33668113127754,PE
786215532287048,19.827903639239,94.949804250429,16.441851206301934,73.57613081703374,MM
4028024750648073,-1.455427434928822,29.883620710338125,-1.4000805387605544,29.791538347426172,RW
481816143100801,26.018200502837,50.622605427635,26.033541476042405,50.613433999019314,BH
304881227850189,22.470625099054,114.10853488259,22.385105767048753,114.08511029478217,HK
126797393065714,49.84047838484732,15.803297909812008,49.76959499284729,15.997196992010613,CZ
1211101869349798,-10.507365795363,105.65356096619,17.68165684742772,-88.17493446244343,CX
1357493864625552,2.1640539673148,30.64994870704,2.1606014640349964,30.73717581061345,UG
934011534098551,12.028286166295,-61.732840110417,14.030849912994645,-60.96303436711617,GD
500159881489089,7.342259838854188,134.46879110851162,37.26714678400406,-80.60030328574229,PW
2829740963958043,-2.733735821930212,29.43081567684662,-2.0195076493723967,29.82697060436802,BI
300848138109718,4.2523717777778,-55.444873805556,0.7917337198212051,110.03903761266758,SR
2960966407518451,59.940574907434,18.785342625587,58.684406776011265,22.84079017683102,SE
220493529416834,14.451610237561,99.415018949546,17.973525841999397,105.02630113518764,TH
516560806259751,-18.175596732511,178.20009731967,1.5059859025109827,153.29636912954388,FJ
294110862335495,53.181595920049,5.7480942483866,53.452459797526316,18.596488982037734,NL
244296907493001,65.57013399313,-19.349029020965,65.7466100886313,-19.271891171877883,IS
233889245170464,4.8560503387361,31.612436706474,12.10289968562906,-86.26140787909337,SS
1927622730739430,40.369069324101,18.219159988562,40.620130664196786,17.913804161157763,IT
471926114136200,4.5631962676901,114.07349517648,-22.80717859799795,-43.670503600325766,BN
1192683651176123,9.0895860909637,-79.618866004971,-24.05042788898982,-47.50081351403688,PA
1413530045696031,-15.969463833371,168.26130683879,-1.9711123233583183,148.08341636710435,VU
299499428465574,22.36370144725,113.94841256522,22.49867174997557,114.10377856523309,HK
189606749553432,56.525393057968,10.08101978509,56.265951240983846,9.391014610448204,DK
1108722216274003,1.3887705484241,173.14385660736,-8.69090203347421,159.1460223909655,KI
240591061153313,9.7075559946148,100.00619099387,18.75599087283737,99.0216255175345,TH
794974811139135,32.804114385981,13.043328230439,36.6760820242513,2.9322796800467423,LY
1107588656407422,-46.062736055573,169.00760704864,-39.619728118582294,175.68507619676694,NZ
1279096795825768,54.406755367854,-8.4796165911836,54.34799449684236,-8.539771854270095,IE
193108499326081,-6.7004249966118,39.206861112601,-29.31699397165751,27.473973532837043,TZ
291897862594169,27.521924666676,89.820270487386,27.982727404385052,83.58607772277325,BT
123070833137806,5.8145917994639,-55.143095980408,5.846840583374148,-55.209467485979744,SR
5396405327097940,69.21259125489,-51.103395948712,78.26508885603712,14.05955890976294,GL
957601181668431,-51.706042723598,-57.906993308318,64.24159110796046,-20.437367729709432,FK
604130717650197,-1.9959688798483,30.050157126173,-1.9966130127680357,29.955620776992344,RW
1941512039367524,30.98571832847058,-7.229221956634584,33.589045585388604,2.026310736405617,MA
196243366278308,13.167682777777776,-59.53696416666668,13.215132833502247,-59.61177549749013,BB
215411967015224,-16.468819194731,-71.941378039278,-31.47375041998765,-68.72945796761879,PE
1450360272005106,15.921467840879,-16.279407687736,40.18416978951246,-86.20999829720076,SN
756714068376834,4.8155110248734,114.77642618053,4.632050185865748,114.58384081241971,BN
2918063678449936,8.0011665869234,38.705149393002,8.338649684126958,39.1827102024587,ET
1001295333882125,40.63113853803493,-6.0362211199295865,40.631639632740765,-6.200849979536273,ES
808035410091724,16.206487661547,77.345926501434,8.795923016253075,7.392101234438224,IN
268897404930235,57.163975404144,-3.6875044027183,57.55516086141763,-2.9052123358424273,GB
1125401674596218,39.823992064377,42.428897726042,39.85260297154181,41.169979664853614,TR
526674661844363,36.219109563696,44.414746657631,36.999352595507794,-3.399141321171709,IQ
964858007616084,4.2630124849459,73.563178328896,10.108331786631942,-75.86248048444703,MV
5490667957675480,5.2624334865771205,163.0047322024813,4.570147440367504,156.60236679346414,FM
573195574072375,-15.671003834964,-48.191441316741,-15.745286810576172,-48.0078413083568,BR
892381884955306,58.981961021242,24.221882703215,58.61151195732701,23.83033331330617,EE
5416581451690167,8.876751843202419,-64.23554389395768,-7.34135955161376,-35.44057876429657,VE
482078066336394,-18.636202891772,-174.01936863548,17.34654987441394,-94.24337719397808,TO
329210971927794,5.843070862629,-55.089876855582,5.844579188722253,-55.1284735412085,SR
251937010050891,47.507459505795,21.685088460781,12.188360189900035,-86.65475676438474,HU
469124120816531,33.256755487161,126.61974805537,21.50293456529629,-104.85362061272407,KR
6544008378958782,42.576053933645,12.422579613177,44.60663553356639,4.657238199627166,IT
468826351040628,-32.904700967934,-52.731761718702,-32.52594424535661,-52.7722766606123,UY
458089889154332,49.9716081757907,38.98921274981689,50.062438891588265,39.14230029643884,UA
913455289198852,10.638477230341,-61.313394324688,10.585344965401198,-61.266057833122176,TT
391651555234292,4.7891910927864,103.42511490766,5.4851324952264475,100.46621648806948,MY
169873605037737,10.045722702666,-83.299560625022,10.143232079351616,-83.64570094265468,CR
1032233080991900,39.140834029054616,20.961949886464165,38.41446656989693,23.651424826249013,GR
375451844456388,-26.804552190115,31.961012436385,-16.54114199711063,-48.410915706892844,SZ
855805948342180,44.525909974035,15.903249699487,44.37446567686756,15.82558817843508,BA
139526285635637,13.217826050214152,2.929162678521952,12.660857765351812,4.466399279486135,NE
5442759149130487,67.890019179633,20.308537274689,67.56866607896693,21.206509484017076,SE
3921179927973144,54.246330015747,-4.5628069974706,54.36424633302808,-4.955934010222849,IM
469492320924211,38.276346407666,57.98363402764,38.07929621863061,58.137722429478806,TM
310307137129739,48.189212227502,-106.60069617067,42.50084983735439,-96.42738006856331,US
383397352939199,39.95006776682,140.12870703204,39.452313391343495,140.7430985723568,JP
1688335251353973,-14.865382426326,35.3053829175,12.179515989536052,-5.614643764662648,MW
368819684557497,9.8821178559993,-84.703514000306,10.426253095328287,-84.73046983010732,CR
3142165536067308,8.892556698116664,-64.244099923535,19.477894143993243,-70.79104996435514,VE
916461445802958,18.351592546824,-73.166686920189,18.63089981114923,-72.59002973560172,HT
1438450646526614,11.602056871897,43.143067800469,35.5405565888966,-6.023830563537664,DJ
171644361525352,3.2965683888889,-59.645080555556,37.6470036934475,-100.475499990462,GY
3643623472415985,13.248359768362,-61.267804498546,19.34168110232222,-70.62904857247428,VC
974847123463445,45.48089676461988,141.9141645369168,45.38835368426277,142.03817600261138,JP
219450919950414,4.2765353097168,73.575427012288,55.64039806509111,13.018374194147638,MV
197777158852668,18.542511750027,-72.425551013845,18.79189143061831,-72.33475582059545,HT
1673203299531642,49.085005765367,-1.4823203864636,49.351683393139346,-1.6028448570168325,FR
1605231949662620,31.431741304615,7.0759601080198,43.041344858302786,17.849892016505216,DZ
451593852608237,49.039623298927,17.575489860882,49.20388009446215,16.71924686224336,CZ
304641044593781,8.0755534487471,-80.948273440388,-20.619505986297533,-40.574430699173796,PA
537192110996228,33.673060807593,8.992445655067,35.26454017200748,-0.2097869192052716,TN
2874567659528784,10.624021568983,103.55740436843,11.45038345799102,104.69482218862541,KH
306873294180376,36.543159906681,-95.385746192161,36.35729836336049,-95.53712030990795,US
474237406957052,38.032230216342,71.296052545699,37.45261282133602,72.3202015001851,TJ
893270331236297,35.542457911478,34.345047266311,35.53869923501009,34.386807412883314,CY
394355595015312,-10.420322783141,105.70164382136,-9.572903779365394,147.50023610201598,CX
1720688194781084,-2.0414077903770145,29.44965968721136,-2.003048967127742,29.558804587177093,RW
1072181156643275,18.07465399978,-91.640772999734,39.327920538917134,-76.67174185070466,MX
4167670343253112,38.101113171443,70.434664027996,38.3373598619682,71.25742934827902,AF
174020494657037,17.630108574846,-63.232604239636,16.01925352378601,-61.74684707168146,BQ
841778303361650,4.4129500800509,-7.3568081852969,5.086399333936868,-2.8329882803556545,CI
6128179790541161,55.439905979985,25.277989368239,55.364611939088206,24.900791308160667,LT
860733724520470,42.906057348904,19.550997884227,44.04000291214691,42.983213255423095,ME
864697561114910,-29.077441505083,27.74348424067,-29.463986583676945,27.530750508852652,LS
470728414179183,-4.4035085235997,28.875651684315,1.964651679140466,32.75663828664658,BI
572376240384590,38.710627031317,20.595182002582,38.67737666144677,20.585278349767922,GR
121312253609017,-2.475605,101.08095666666668,-2.77202103560354,102.59678942742677,ID
1443161219370901,-20.998296188116,55.608257838223,14.584124616778805,-60.96053029500997,RE
935114343986233,14.756132710056,106.17208788727,17.698605856334026,105.62360035619398,LA
528816851860286,13.929456140067,-90.641111213437,15.562565125847218,-61.41697441155819,GT
949677732469296,-3.949905939326,29.108488727431,-3.0746295227961125,29.250369184283212,BI
535238961691986,-9.012128600000004,125.26142969997224,19.512225331888324,-103.64178192041396,TL
785746405666869,-15.233412447604,27.672681901373,20.92658414303782,-88.87979919059067,ZM
3016818381880651,49.809878371642,-121.45256952608,45.030871317537944,-123.86221949908612,CA
381383576502282,45.377597713432,18.296766050051,-35.52508942868305,-58.45204139553402,HR
610064709949694,39.354018070055,3.189777650907,39.67699312810374,2.710139739877502,ES
172787811514759,35.229088448061,33.767549827448,35.20026588910087,33.74540325120295,CY
782110492675930,20.011066718061,-75.671652777958,4.939927861646737,114.94542809174234,CU
400250872119328,11.85196334791822,13.142710363889922,13.708859966806,76.90719343607901,NG
892609551301442,-6.2907747954542,176.31557778615,23.11528390390972,89.63527520051993,TV
202638525024688,49.252128640765,-2.2302663941837,49.27778811011909,-2.1692023006270897,JE
482179499657429,35.35863654069,-87.442281622797,40.23687129753697,-76.64752245414212,US
166409505310564,-9.7930504284381,33.876999664849,1.123924638589125,34.154390412871294,MW
839128376686201,-21.379486131927,55.652855746499,49.29138094732197,2.6875316567729035,RE
173546557995177,6.6979922509375,-57.920196653076,5.839430596869112,-55.350078092747125,GY
778732033031387,49.481310552598,-2.580607408903,49.535480629166805,-2.0333029567336522,GG
1459021641097176,19.327056989127,-81.381676002568,13.073839378935503,-59.611817026192675,KY
968337867447613,25.014773599486723,55.87302113372367,24.172495888798018,54.34296473727399,AE
516599479378641,56.372189487703,27.438134814115,56.53742721102215,27.032799923490234,LV
826574104989977,0.4096083408951371,9.468790964341348,14.722210163824101,-17.705485489124115,GA
298265468509297,-10.44607449126,105.70171289589,11.151209290796041,-85.63871929201163,CX
135182671936165,24.97002129251,55.490379135321,24.20348478316187,55.64984581807151,AE
369953761725438,-20.697927254597545,164.42307519257272,-21.300807957868333,55.472228521289864,NC
150605930403453,1.5703799596146,10.84323380127,5.284023285015244,-3.1491314473490917,GQ
942025196552576,18.04711135987549,-15.94458243190681,17.372769272964707,-15.47507464279315,MR
4245112742269900,-15.204236527253409,13.710121098211696,-16.971224087523318,-48.55326526097699,AO
800629050558884,1.5780520325706,10.841365858236,5.3168593887895845,-3.2712319238557734,GQ
329089375465231,-4.7898646188584,11.8559793524,6.385078216787214,2.4111043086246187,CG
2991410527805673,-4.1374600287328,29.078493212922,-2.9526095582827314,29.569448012790613,BI
798429247478749,46.183809459674,20.174482609731,55.81196758872012,21.132084080985745,HU
2371116466357575,16.796385002204,107.11609099971,16.69785208875087,107.20831511604027,VN
468504837703680,49.210225417814,-2.0260057718567,49.16742734362067,-2.0487102739187057,JE
544837470219031,25.294971915181225,67.28170930758036,25.125896324280475,67.31386757558701,PK
962376597848366,-7.8679271311768,35.785662187966,-24.258583654115043,-53.9683995856951,TZ
284560226710077,22.245356411415,113.94634816993,22.395680309307686,114.19928682042793,HK
366104118882534,-12.947203981722575,45.1622949013442,15.609456340209617,-61.44475516090166,YT
302738837907407,13.971297523146,-60.953783885869,13.88442745672925,-60.99064889427115,LC
212663677118887,61.377613835646,-149.52560052518,61.24254046243373,-149.65972926218973,US
298675135079993,35.02573827135,0.1062064724418,34.87147114737048,-1.5795858296103256,DZ
200766568352215,12.2259298372,-69.032711700173,33.05541092712191,-16.34351748100247,CW
522150762114358,-51.767857219423,-59.20385240723,64.25217609272602,-20.793326946782212,FK
907645580029480,-10.531873592618,105.64908608946,29.974656481664372,-98.46792688301994,CX
461637908454191,8.5770592738416,-9.8384949656858,8.644617601163954,-13.176333077528412,LR
737762176916399,-28.523157809827,26.988610572901,-28.724437033470963,27.078129826175175,ZA
974044566464626,-8.9232594155592,125.57214462009,-8.833910749569368,125.46377576333948,TL
207733560892728,62.969803716081,25.819453012454,62.27509281124547,25.460547512436424,FI
935214247230705,38.662861546978,21.897000127107,45.37056897298045,6.304696731533067,GR
308609804241585,45.352253598167,18.741494665616,45.17385331710376,18.920430718500523,HR
812815579353857,19.970422258885,95.026704859366,21.674078503540006,96.39775445837063,MM
955193138582276,42.352822713826,18.93350046301,42.51714521991243,18.56657916180163,ME
314068633495505,18.384993994121,-64.663491419319,35.071919951492966,-2.117150632012502,VG
153100520088504,8.6445550800531,-10.895087890593,7.051759470798596,-11.10558600079785,SL
899516343957294,31.154817998866,35.36251239366,31.318282777002995,35.25745372483643,IL
362016302748290,-10.182357974219284,26.92114281109953,1.9609216447725306,32.73670783005913,CD
784285982279583,12.468243816564,105.11776238356,14.147977299968504,98.82213044794457,KH
741076933253733,55.559361968752,24.218044357931,56.26306085939651,34.32469222303844,LT
588238156406124,13.540014603247103,6.862262541663696,-15.027516660500202,29.2334401615753,NE
704583704721230,13.358425346344903,2.9695516051747206,13.17540229389515,3.733018762257047,NE
743913432954382,12.506491685569,-70.011189878756,38.10094258168769,-0.6813550335195157,AW
837216263894683,59.234310100905,25.661811016329,58.94611738365667,24.665681331168546,EE
4165344470189392,22.250944346283,113.98372956798,22.39336016320512,114.25487042471853,HK
123034153486017,8.896413266511479,-64.21983107316368,-8.051697561769172,-35.23609575719495,VE
495142175172477,52.064618461934,27.758129879211,57.38594004566804,21.51743016662453,BY
278818637266368,21.668020820761,39.5871724527,22.425247133050515,38.41450908884979,SA
311313370600056,34.298302972773,35.843733635285,34.01364485520834,35.65716605958474,LB
546356603055282,16.319144026137,-61.319536174119,16.356184328016734,-61.47967414848948,GP
455880318809614,13.212934938654,103.97535020814,17.793191268251135,105.42366845738599,KH
561177494854490,65.249274201498,-14.3599477776,65.58357174322339,-19.558173952811234,IS
591338181829945,40.948513592565,47.680340883083,40.67258972391341,47.25678386808816,AZ
478603033472419,10.605368280525,-61.423503253964,10.643097211010689,-61.358454496030895,TT
140993104682356,11.492434620243,14.669528720435,47.581355674627474,20.811746482650364,CM
1365904140461073,16.782552049243,-62.177983430902,16.841099785062394,-62.000697981437085,MS
184854733517675,66.049214556266,-16.60518565352,65.85127745576246,-16.893948851188725,IS
484812855999457,11.316364972572,-60.600609669164,14.11235485425752,-60.94137374937454,TT
198374955275087,31.228889368174,35.249839466257,31.355700659756952,35.43414093441603,IL
493661578655706,21.902623515855,58.249258213784,22.235221571239382,58.28528054498769,OM
1421342044880216,-33.979765814868,-55.677857234372,-34.12831675196297,-55.765692701527946,UY
791346968192465,47.64092226916,22.514698705141,47.711736206376855,22.408855224634504,RO
509490393519441,12.00528480685,15.133921129804,26.872806079437165,70.7818789651515,CM
365265328257309,-16.455863020951,-152.25124408953,21.228867933466077,-98.44165952597247,PF
373099774078768,15.381551450461,-61.278224581511,15.377981170351092,-61.22773096455313,DM
3849748481728507,54.429547030142,-8.350480924746,54.46149422711646,-8.416175118326178,IE
486814105900044,24.815009873567,55.581561784151,24.54145321584722,55.76794855378858,AE
553493755814632,25.651486854641,55.817622488275,25.254967105651257,55.57702337444607,AE
294731518788880,12.182130031336,-68.992602507728,-12.835800286761026,45.22087888581538,CW
526112418414577,-4.1889057701817,39.593824106105,5.274996379873451,-0.734922862138135,KE
1143243902846918,3.9423529755317,73.490255336254,26.04105029805536,89.1659399464552,MV
1222724854903474,-15.992638795519348,27.473549745213845,-15.924801783915957,28.24313886322553,ZM
814962436102418,17.246826160842,-88.964928894179,16.999424957876226,-88.42659337984162,BZ
2588410498130022,8.6681322733063,15.915175571704,6.480631497932535,2.680458753533881,TD
757152124922572,40.280135692488,20.032560201339,40.165960667740585,20.152992958321367,AL
3729075633885792,52.879324916405,14.84215981606,52.88003227937685,14.347168499180452,PL
193255762642321,-25.463140138686,31.530813486271,-25.368192314493367,25.150801596914754,SZ
158748456176634,18.003107984756,-76.750140742066,5.966813430320904,-74.73426756261595,JM
487059602744422,22.483846298693,88.311807710332,18.520933727501657,73.89652957273113,IN
187972779810965,37.223202382218,126.95228008609,35.481796162579805,129.01256526784587,KR
325108962571033,-14.007024453392,-171.59812253095,11.328317595243703,76.85127047173766,WS
506599274036580,54.629530708934,-8.6760286174409,50.56499929734846,-4.697743052449514,IE
507218187079443,37.843340581126,68.830014881381,38.60125176273611,68.74862983610657,TJ
153324916692555,5.5180289616018,-6.5822215976398,7.026817505434989,-2.3987572086541022,CI
771731993706945,41.928551334201536,19.551310678151587,41.9373258008181,19.49671767281246,AL
486481489451262,49.966660340065,17.026531427218,49.84836351048567,16.748541140607237,CZ
2949034095418835,3.9465097772644,-59.099420704396,41.269149227047876,25.21714854472773,GY
372845630827843,-27.768029274082,-64.271302066744,45.15799052221163,37.424357851086185,AR
804236390516614,24.360035161271,90.528148543285,24.85884550572517,90.56427409368301,BD
1165449024229030,11.127732358514072,42.37283796780444,23.207934430890283,57.094110068814125,DJ
465682694540312,47.092368215581565,15.033271683507603,47.158034871361664,15.148761783048363,AT
1414034302297531,5.9652601827551,-10.011148216804,-1.0592707205867977,-77.64927216187124,LR
164124928906484,17.026658655636,-88.957499025099,30.26744121716826,-84.31237626749983,BZ
265373079006579,12.19339030343679,-4.128458023871779,11.260240389621153,-3.961369896625931,BF
211403467484458,-24.160264772744977,47.3486048183456,56.60749355057348,36.6199483861121,MG
4252117868180040,-31.701164589216,28.774388216841,-31.411046272835723,29.14888327282843,ZA
1185546705230006,60.068284515535,20.263657107897,59.38746755877607,24.70044399140192,AX
307549670912816,47.805455809752,29.008339682994,46.767037931960616,29.812045803618975,MD
1150240562161074,1.3857279016312,173.14547646453,16.371535010329442,-61.48148328268293,KI
1926367507521003,-34.006516340223,-62.239283065807,-32.907061951062175,-60.760049738253855,AR
174862464516382,18.026136330252,-63.051721834115,35.145286706215806,33.391941208697574,SX
238608201397184,13.394898337011,-15.796480495355,5.988897462274422,0.5594887634234325,GM
168171301893400,-21.306913177085,47.234054757271,-5.9577819111251245,145.07629089291234,MG
143601257800230,6.1813662366503,-10.476370028512,6.386020987409606,-10.559187300313287,LR
1426576467702919,42.716570546448,19.37002352769,46.21019551629747,12.349882362148444,ME
582527629366762,13.909926027264,-60.995742963827,13.880194671735712,-60.94633202236215,LC
789178535042815,10.848339859199,-14.344376628968,11.00194998055815,-14.499016183030236,GN
770818833619667,46.189989851656,27.550790956761,46.225729148808576,27.493087935705592,RO
771812706865289,18.810877831997,-72.868700352417,18.69210055450021,-72.18155935412678,HT
1979924955729830,0.4210184118848502,9.466164114756396,31.01042964700855,30.60195989732101,GA
1215125515585698,-29.72467996101,27.401763312517,-29.64418549224047,27.53922246135958,LS
525797611782911,33.53278970091,10.187082947953,33.543861173109086,10.157058158087153,TN
981736889296495,15.18213389856,106.76109629686,14.385601128199076,101.2462807449779,LA
290546622610201,0.90650801653382,111.91071699724,17.584343755696427,105.45525531171849,MY
925069178226405,-33.684138890591,120.78000000686,-32.809708656116946,117.28634211374398,AU
841753896415038,-6.3002644508667,176.31963764015,-7.5730529628148515,146.61519070020123,TV
645048966783670,42.89641826045616,17.56617896330491,42.880945573421755,17.496912379596203,BA
2157623727878098,42.203008413762,12.652366039877,42.21639054094553,12.62207470736267,IT
491154428864902,34.78133892235,10.662689207895,34.768691704105,10.734666844625224,TN
5023711767716996,27.43539864879576,89.6844986785493,5.293791981967737,-0.7215449522502694,BT
502661524102239,25.24288508,105.72866675,25.08430522754637,105.93430418637865,CN
768051953908267,24.417738719697,124.24306124209,35.52049335856816,134.81243662752235,JP
2634487660183183,15.505396860363,-61.465808232581,15.579749075071005,-61.420931158497574,DM
777370986311883,69.771194043132,-50.45379669083,65.40525002858882,-23.492614462631767,GL
214018630224328,-30.195842567793,28.141370668784,-30.142352711118996,28.006517812252106,LS
898244168080774,48.39779130109938,69.97859259537432,21.09889181090715,94.70644192349496,KZ
4492529727427156,-28.146082771307,-51.513579498292,-28.320710180738455,-51.18346728297321,BR
285348029668834,24.497433158551,56.506035667282,24.619365352729545,56.21986229287892,OM
171014971604854,50.702549851864,3.6582481425115,51.09379470853547,3.4675438181448834,BE
4840639372618820,-14.92550912288379,13.489538311090364,41.066729431748726,28.659908499229388,AO
206149904648055,26.21207915528,44.093256403165,30.07150613479424,31.732032280155334,SA
204252138180851,-21.559664995251,23.773974999472,32.976702867450335,-111.25185975211765,BW
920871192081755,-20.154762249788,28.582363111001,-26.057271411167207,32.62093668637843,ZW
219966586218279,47.029132462966,15.932431980783,46.95622288351667,15.896796286356606,AT
135549215221893,2.4175748743344,9.8423648123313,7.2353812778766855,36.37741490538436,GQ
376262240365585,11.737844217402,-84.258740123025,11.774461230450001,-84.04567185676984,NI
171728951493255,49.507376607171,105.95258746284,47.911666843413585,106.93574760691675,MN
253978489850814,48.281270225581,27.973739010266,48.26686739782316,27.28190208374482,MD
300413981460892,28.731055900238,48.000514767945,29.429955012321418,47.68921760926409,KW
1184530975332530,-14.802947311274,-42.709531402229,-14.1508285979679,-42.54659711016444,BR
1266617723756139,-2.7425780868466467,29.42359642013631,-2.3943487023327363,29.26228802819728,BI
473474263980538,21.715223057868,59.471278053944,22.483921491036874,59.62410141583058,OM
1249815355421012,41.352986665751,46.933972599593,41.73192073198177,46.765213166838365,AZ
228708892356879,48.677696253977,17.636842304644,48.604780782331716,17.98249280516428,SK
573918251034517,24.9108887387342,90.79494731880273,21.84949738287246,87.95070551687483,BD
2964997383812126,2.6098453233173,9.8422664516346,1.0549221215225906,34.13580853186075,GQ
216212559884926,39.033844678159,125.75376577506,42.632427980633544,41.20816550863383,KP
305136647878220,12.193469016038,-61.616092049056,14.599007359117314,-61.09597815197398,GD
1425023424516398,-16.694601299289,-60.803490901407,-13.973601007946968,29.805689075067303,BO
454775888919551,46.828024824521,7.8088947836121,46.89824263025776,7.626131798232247,CH
861104217828929,17.113853213721,-25.242018334352,15.505092362828085,-25.916882044053818,CV
1051007365779921,6.813554100014411,158.2040012,7.891080997750405,160.94125394399873,FM
1334507140366814,-23.48982047010992,35.38536972552172,5.181831665459256,-1.167543458255192,MZ
3912389445490209,49.325970928935,17.226098099604,48.75275204528063,17.957758091645047,CZ
265194928674974,13.23781099507,-59.544998005588,13.199503250175868,-59.362230100129075,BB
130827665729646,41.660012138201,21.174396481341,42.939753885371076,18.08328292982857,MK
382514279656400,17.169493550421,-62.549673737704,14.015512852917679,-60.97581755460879,KN
490566595325309,32.35061764629,15.101938149737,35.64816753019451,-0.5880228589930739,LY
177150824328343,-14.845732355681,35.25013351485,-14.451735447819082,30.610103465815406,MW
337754307681723,22.908438446718,90.804919962877,22.91616661295893,90.66100254411431,BD
288297272916728,-17.786629070676,177.44305087069,-29.12377822127805,31.70464150707625,FJ
485752159242168,60.005211059817,20.384442671458,58.255354682840945,15.950860535792842,AX
495377298477425,41.941602973878,34.631294266421,41.87902644851494,34.830244701120584,TR
2890584101196635,41.681667019865,21.147788358398,41.77333874868909,20.000451407552163,MK
401731674144754,23.355590466277,121.32187991241,23.010967081043677,121.16046350934906,TW
1169142930166538,20.834467782196,-75.727264614924,16.87700145418927,96.17615838607622,CU
306207777612908,-13.800621344179,-171.85935966246,-12.947617969336916,-172.05209604022107,WS
2665542867084280,15.44922162275011,-15.809327283661323,15.662044504435523,-16.167309064726243,SN
473236960624282,-11.390300678508,43.342774487865,-8.58059875201514,115.9586673628197,KM
175640891118270,58.3416314331,22.123379209424,58.43544886519902,22.09809439873811,EE
940728323368212,5.5203195797668,16.760305199775,-16.49740203987907,-48.53792942151338,CF
159670792680757,4.8671591384211,31.498747958114,13.062593275150695,79.87402270231867,SS
490425192372401,-42.289566526657,-73.549884623054,49.819678021929235,20.743420621497798,CL
140927168065220,14.884255893398,-24.355900858541,27.996725883996817,-15.790102328862076,CV
2148319455305366,12.658976107053,-1.5012029355804,12.596877432435257,-6.6808970266054954,BF
950272148968894,-12.972416512525884,45.15611771647966,-12.761034534513104,45.128164240872266,YT
153355823412892,49.184810534933,-2.0480987436129,49.21275525909908,-2.1021518599677758,JE
363513025083758,47.047992478928,8.7799077721095,46.89290812477644,8.336822012158587,CH
512297363276315,31.456330474142,35.250774430442,31.51850507543193,35.21124677938165,PS
456622292570371,17.562683786778276,52.54996407813734,-23.514864838085526,-46.51152003020343,YE
4527359417278295,12.574854908472,-70.042613806787,5.160408627619625,-1.178837424339373,AW
537629581307027,13.181351944444442,-59.52259444444445,13.1994538302968,-59.61104545560314,BB
795129897807041,35.163207188355,-6.1437231591152,40.62188803267822,-7.481400516725608,MA
351777130251541,39.481253041447,46.278721306968,39.540554306654656,46.02097757478497,AM
808281843784947,-9.017975593206083,125.18936083216094,-8.486389040743417,126.49144836453425,TL
571640328046013,9.496515810605342,138.0909467705742,13.243135772371959,-59.59395236843664,FM
1596718320725210,6.820059002595853,158.1889075956807,8.0213719950014,159.76448213689844,FM
909068383276012,51.71872582063,71.017642467242,37.258026915622104,-3.64277018473634,KZ
201271568510246,11.498181689874,104.89298318393,7.991179396677156,38.23338750135164,KH
865101847550557,14.337966085705,-11.307015681085,12.918339836447272,-1.6696523282088662,ML
273645621106204,11.400246031697,15.323762439617,9.961829022899128,-12.643952053424838,TD
816784312848146,47.27419583333333,110.70045194444444,45.508403885801286,73.65616395325655,MN
205051911255970,15.898719949045,108.34769045302,19.35940390425012,105.30527414010031,VN
1197452254025430,60.290261118231,20.017018951216,60.23680166808163,20.093722438943846,AX
524857088520171,40.969687102424,47.506671390525,10.86423846835788,-1.1965207323126947,AZ
585468982429325,56.863557681775,25.533807915732,58.11485600822615,25.479990147223845,LV
223293895846479,40.460441929706,49.654367032421,38.72225500033611,35.34022388434015,AZ
983815092358003,45.845665401276,-1.1566237774946,45.94958050381838,-1.2444305980752215,FR
495004361712254,16.705985016912,-62.221856779895,31.593841222890873,-111.36965792529443,MS
1116467962190839,49.234789455854,-2.1566386309068,49.15014767747944,-2.024585269700193,JE
799261197806429,13.04112461881004,7.584578150427974,12.622767396494845,-5.986299545638189,NG
375892980333603,53.800018986142,19.066495869964,53.20090936763362,19.636082651592226,PL
216735996617694,-51.729168266578,-59.221494505424,64.25929178668791,-20.67267499094366,FK
122836676470530,19.317250203375,-81.382868299519,17.26445280622296,-88.51172045327253,KY
864991334054817,22.630694715979,75.815649968185,5.319233468351879,-3.6494768398368858,IN
303472461226103,30.448379399773,-91.249052345819,30.324428621064882,-91.19351959976836,US
751120052245249,18.306901319254,-66.036105758042,17.49498548308658,96.90864011202432,PR
618094669584037,1.0592725919843,104.01250864856,1.0948908436953373,104.0632420568488,SG
204293011757830,15.079993126144066,39.21687884094408,-14.376314793404061,40.339634997111574,ER
2928508607437195,37.840107608369,68.802462308142,38.57305020627388,68.85429250537534,TJ
1371451869918489,3.6333328691599,72.957712473483,-8.675961694657964,115.11249541685999,MV
215955796651386,14.063525259413,-83.397823687399,11.772954908570398,-86.42507193271271,NI
137850255541406,24.545211603122045,88.5941532347436,23.807872596147632,90.36752448136208,BD
300676795037037,47.54022479277,18.649560765963,29.671622202569523,-98.46393097317629,HU
758419548202670,56.459896994613,24.509987996003,56.95692911016841,21.910017049064272,LV
234036278489604,30.859288137504,35.983036655163,30.42250904807899,35.61212204221826,JO
1877580812408950,8.2904185166376,-13.160532748623,8.27469903081828,-13.171511384501775,SL
508516997178857,-20.44017415751,57.716929198138,14.629322225485735,-60.993245023463516,MU
2476936639119646,-17.187994442004,145.88923082343,-17.439251727945198,145.87371602070237,AU
170299241727097,29.609911657314345,104.99307446089506,30.3380689291359,105.18892497018278,CN
297845861929140,19.00823988924,101.48346297652,23.8412298160002,90.41699555880933,LA
322702535907825,20.283683791944,105.67522750563,44.644270976707595,20.514054563863564,VN
787272635685450,4.323621691762423,18.511948154254057,1.833900688871774,32.55479190778943,CF
173788081866624,59.75612769558473,-127.47179840177547,56.97325639757634,39.22773246077951,CA
233747548461554,9.3263006266193,2.619361832951,6.38096791173375,2.402815785459283,BJ
765041667535640,-33.099247370966,-56.459447149244,-33.32163450629258,-57.49245737738114,UY
296876208707767,35.337232736933,0.33737085013529,35.50031849073529,0.1278386696822035,DZ
5220870694689924,13.010537169214352,-15.781125774925767,13.071382187826329,-15.511226291224881,SN
490774565689974,13.06406278563,-1.087121270677,12.481413849468135,-1.9658991055231037,BF
218599310068075,-21.24302439442,55.333436310069,-20.919534364547207,55.428212852037966,RE
174969884519406,46.737187807587,8.3987859932934,47.547106653086324,13.270760990132404,CH
581849006299222,-16.292466257509595,167.67474403169504,-15.427216656202434,40.528721304207885,VU
514194699740537,49.025633194136,19.779030185528,49.1063134216933,20.068704786695758,SK
1636152166570934,13.748349438255,109.21278035386,11.383976411076588,105.84090462129221,VN
810831549638249,38.371680067627,71.17919493021,37.411146013262474,71.55618584413511,AF
126986893262506,9.535228699145444,138.11777436553538,5.746662225769979,157.4385890078946,FM
355702972637605,13.535688328213,-8.1000075739741,12.50429670486806,-5.9417817643268425,ML
939211946839909,40.900998111452,76.418995914539,32.3420567571917,-109.77363243144438,KG
211629123827045,6.1356720399309,-3.8436536027728,0.2091881984644282,32.461280729334085,CI
696540331416062,44.87397500000002,15.571799722222226,45.14881618162443,15.034541198414468,HR
942512046483923,57.98102591119,22.153417844629,58.183503334249835,22.28490460116797,EE
1794577467377638,2.2867934802243,111.96866392671,3.317330328676764,101.35122634542182,MY
569520134014537,45.631513310144,14.917895762855,46.435411136126135,15.161830024582283,SI
759618951395520,13.918783401918,-90.820453412238,9.587454422861306,76.4893590464619,GT
317414069756073,8.849591446096811,17.846700004099304,12.436384106857435,-15.479382716793692,TD
310132177165029,32.35614104026,15.078246874263,35.95563052076618,0.3952016869915302,LY
378106816842746,47.677672060857,2.1491709666626,47.75262968902888,5.556412638509589,FR
974285533334788,1.987119011826,-157.37182088346,17.38609861921931,-88.39153748257904,KI
186014066630410,-0.26584500006505,29.929660585315,-31.050840850181068,-51.7114482244426,UG
2045346162308378,6.372858133743794,2.3062901826009594,5.821063583375281,-55.29220825778809,BJ
1172091903236601,49.476195621557,-2.5778975923381,49.538024118431956,-2.0859141214024923,GG
1148818178927460,38.977689066483,-8.2445481523452,38.83920759915982,-8.370168825043296,PT
1222613584876307,17.370666616194,-62.748620435823,13.865970099977767,-60.95582794320246,KN
2874363389509925,1.1429664809873,33.846541381524,1.05894950674357,33.95651955838184,UG
472676697278023,-11.651270507603,43.263829479505,-12.750474616691164,45.194857855710076,KM
229441082274343,16.133435457207,-61.769410665445,11.149978410525168,-60.77768146570595,GP
588131552889375,-30.701177534770288,-55.134334723553735,-7.101431310630177,-35.54125459656117,BR
282418593597680,-15.111719223373,167.09145508574,-12.605521273609426,-172.03277980249243,VU
979772486214909,34.1336148881033,136.00098041765338,35.72848881801612,136.58087922240676,JP
3774979212627875,-14.866355003204,34.792262380462,-7.262332351343338,-35.527686649574115,MW
426972879607348,-17.525550986516745,-149.84053510202472,5.641789392519819,158.55499058026194,PF
1689362237932062,13.800606381009,-88.316570230116,13.804388476333477,-88.31983713924836,SV
1166613090443646,50.253231893566,106.33993531955,47.7077625067451,106.78340552517943,MN
420134173638637,-10.810393821363714,31.731146261210167,-11.97769288861682,30.69463420345819,ZM
474713760445897,34.526350993866,69.196344342811,41.34144246986961,33.7231566358913,AF
506851794060092,43.177582319251,19.311856309232,43.166511575571135,19.11987606477584,ME
2995572500661892,38.898518256485,16.523049856494,38.853209947734186,16.415290561582857,IT
115961117883320,28.43217928695932,36.51346701072073,13.861402562962025,41.8900966586845,SA
1007571866714652,55.571514078836,10.350650482308,55.63757630158774,9.741942803800091,DK
1174895919599539,20.052558993471,103.35914721659,18.870998318354495,103.07828646042383,LA
912812452874701,-11.627287351809,43.262280127651,-11.70837661039689,43.4389055782787,KM
173416451344450,35.019561811666,33.986374163354,34.74729882561712,32.432209896231335,CY
1449896788674967,-5.4217682185916,141.29314063475,9.895193486937973,-84.17010355347685,PG
232511111978904,-34.065025583843,-55.656389079107,-34.34444669606585,-56.17379724037204,UY
1109815899545804,24.996104447036725,51.03225264110503,25.38372580873213,51.41981513309561,QA
736517197023313,6.5599786208778,-4.9915528001493,5.2689362210743464,-0.7687500297511978,CI
456214902348496,19.610685333333,37.215206138889,12.638940969718147,-8.006804132356176,SD
345208620288312,19.224700165467,-69.390303678979,19.278177250834972,-69.4947319712971,DO
1468811220266965,7.362390601198927,134.50483736055023,34.800851086246155,134.4340678985997,PW
308427384185327,35.884648502247,14.544820145722,35.847498367618606,14.496675614982365,MT
395740224747116,6.5139480425193,2.6483266181429,6.496303424319083,2.633279123643648,BJ
1432327937141676,13.459201505715,-14.688767601582,-24.590592366859696,-56.40227214883772,GM
1797066053813454,45.212729270223,20.36112097384,44.57213928260567,4.690393005404948,RS
4182076221831792,70.667211583155,25.389289533957,65.29626309566169,15.389750938717285,NO
3450481218541153,25.63903018538021,51.51003081357617,25.36758496435402,51.46990912797563,QA
881754115706919,18.443691037533,-64.642920411564,15.588573007541802,-61.40974241106672,VG
512504643106571,-51.848040759038,-58.223206369416,-28.12583404095312,-56.83183461264543,FK
172855664661959,10.37149331328,-12.099479736597,10.122150269163443,-13.938251949686858,GN
833358057538383,78.076451987378,14.16217603674,65.62213503715205,-23.350437829712888,SJ
214810390166469,3.5846135120697,23.723674547511,-38.473612349238174,177.92567993259667,CD
562840304708452,46.225408646208,15.611350197474,46.11386460742309,15.79876752367505,SI
817268602327565,-5.9419482354293,29.161401435445,1.7849663056011316,30.323749686300758,CD
1034524170413490,21.467073188908,-71.131572461898,21.656272321162067,-71.37605436471043,TC
1856356164529190,14.123830049658,99.400519963042,45.74913389525091,21.255864235746515,TH
478137076746783,18.362805634492,-88.435381772096,17.548953830103677,-88.26048614511728,BZ
498318618261034,41.404988775836,21.780395818511,39.842786976848735,24.40201731708554,MK
2934584883419749,40.95347805494,47.883005000971,40.778393861012304,48.72870867537301,AZ
928316151288980,7.1879551740757,2.0018755441177,6.530390671092436,2.6342240088140825,BJ
684315855630498,-29.405735807316,27.816853497845,-29.40513681910011,27.664237032119637,LS
186849946625100,14.753512333683,-61.142985518229,14.780046303422939,-61.14075126840493,MQ
963176671141156,18.09268978577508,-15.935383158508005,15.916822197068093,-16.34586920337052,MR
300283158416232,38.131370007974,13.274583161259,38.07550158220252,13.24346745565706,IT
1247260492372230,-2.4010827279028115,29.579609392792413,-2.2095903431714636,29.707478648812252,RW
4176262119093022,14.688978023377,-91.548589043217,14.68238384543393,-91.55577819612888,GT
2762253127421121,2.0297128301047,45.335734728401,33.159239522985686,-7.659538391054103,SO
225659908904821,25.948880833757,50.588428667013,25.885262932756227,50.50207218941747,BH
149923280750483,7.361847187159381,134.51969303436232,14.584896944248298,-61.009801052604054,PW
190898982868748,55.795733000622,26.378530002305,56.922462349339106,39.04790116370403,LT
186306836702993,38.679684725081,-3.0625683543611,38.77604851314944,-2.9815458993995145,ES
1146877169153705,18.59342674547,-68.388033766711,20.962032643842548,-101.47850512546161,DO
950737242436239,10.385183082561,-0.78958324298512,10.391317387879496,-0.6440899954395543,GH
301977051516569,58.706895821146,13.896556360307,63.84148808248442,20.267614184065593,SE
898624280682585,49.458533172147,-2.5981886348273,49.31973057878376,-2.28757117929053,GG
469891447444920,16.804499980025383,53.27984729115688,16.880652780066534,53.07839048391116,YE
530606458102780,11.557031237126,43.092310521315,15.692037811367474,-23.624419974993735,DJ
310840073886034,-0.84581588834853,-80.17844601219,-1.2372419403060342,-80.73243028120967,EC
477881999969065,24.946444828187,56.186213387143,23.041427531814392,57.81359764524049,AE
494687355014866,15.351932577531,-61.256287052693,15.387305306318332,-61.19494078607282,DM
1443285099355563,16.555627302292,96.198597103646,16.421329945334506,102.7099442644012,MM
4104851466266998,50.070544187764,5.8458119238789,50.1216203494885,5.314301414164344,LU
1896496400517870,13.223609624878,-61.268552428199,34.695049004301005,135.86228921378213,VC
1077942902611364,51.861118010498,-1.6602529488605,51.719296702685284,-1.3707350026351177,GB
1365414380506403,21.476737171908,-71.132920671407,17.201886328234597,-62.45001214685334,TC
275646330919906,47.355981665822,13.66278897535,67.56046546956462,23.813022242655336,AT
4085345498214305,54.3204660444997,-4.449369579381132,50.842803469616975,-4.202194898587812,IM
319387202956018,36.746376386627,71.926086394726,37.01944825361861,71.85491383559055,TJ
192500316060760,8.5018456161549,-10.886196315338,8.525674320039577,-11.994195572663052,SL
469096650835409,78.165866991509,14.615773975551,62.17829655389157,-7.247229461868244,SJ
204485121341585,12.133472243206,-68.277416893276,14.54895162876502,-90.50454169740244,BQ
142251097914946,62.221882069575,-7.0387447331054,62.4689275569137,-7.123420785168831,FO
5522870664422058,42.480681608263,24.806056880296,42.19114897631586,25.052339707878875,BG
911536296350418,13.531493241774,2.048401634304,-10.302694686548852,13.998514788559781,NE
217953836457406,10.205301098661,-14.000220074778,10.353213236372149,-13.91795213066577,GN
2915873148627226,47.806436500583,28.717659500757,48.19313490424941,28.229255442463366,MD
1383220612042284,40.713663160769,75.04503308282,41.287012861021005,-6.943233996049744,KG
966259830868758,43.623138586006,18.908434254799,43.79286404378441,18.00687292290715,BA
216904886576725,-17.609749712456,168.24322430001,-11.342519002132077,-171.89932922330348,VU
1083924499211873,-15.604998425967928,-54.3918257160871,-25.706096526335838,28.319751897952944,BR
515495726108152,-21.626125276138,46.991186348236,-26.04033671850045,32.57397241223706,MG
995843031248300,0.35769064003091,6.56005755347,16.03892346207559,-61.643127389766654,ST
868028680411287,33.75473452141,35.539565617947,33.87822223433645,35.582764290261025,LB
497044088003103,39.80104505168,3.0309963190024,39.84925430270783,3.1104735896401285,ES
763955694314654,46.724388793399,10.079801957807,46.92762884322475,10.473377178560574,CH
933520784110620,12.510164810275,-70.009077685586,35.12477650425617,33.35316535079015,AW
4220821467968709,8.70139122196,80.590505170341,8.207422749473254,81.49920442720287,LK
472361870697782,26.020756253761,50.623130115609,26.02730887980092,50.61105539713639,BH
658902925214070,22.641060199825,-79.087651499584,23.052267784253857,-82.4471522903139,CU
1183079165486550,-5.70834515155,34.761777557018,7.976006589758139,38.61857121079391,TZ
296065025397911,34.897985568931,32.528909790104,34.89714789266383,32.41021602510094,CY
298824355069041,42.200225487404,21.258956694741,43.32357904562928,18.15444484480007,XK
111691027649131,-22.530138328473,-59.8361857055,-24.524889141024307,-56.72377819129866,PY
752480212123625,49.471066330606,-2.5339439207361,49.49432777461605,-2.2318897325210965,GG
1074377829753053,-6.7022282025878,-76.214917225524,3.080281565513574,-76.53938825801198,PE
525641785107823,50.160224002237,6.1091880533415,49.6594755570561,5.987492007683502,LU
226167275508563,15.49826792628,-61.465568794916,15.590731760100214,-61.43074827199029,DM
148887153873411,5.2121780980173,-52.75060936262,-37.88515120029257,144.8574896712536,GF
303850827922633,-34.01092105809,-55.839634214304,-34.14069688579321,-55.893234450741744,UY
311706737236449,50.868855073513,8.8221774508729,51.91981127802185,10.283429314446717,DE
1416886515315835,8.139352166375,34.375065339482,8.305711725460954,34.56887783767813,ET
178330404153531,-21.691747493695,-64.656846311167,-17.519739689633795,-65.96536490882293,BO
218036349822435,41.14963208511,20.008913305496,41.27299078032444,19.855746685577987,AL
2882903775325778,69.217437476679,-51.098566140502,78.3268647046132,14.850020629527556,GL
459460818448144,27.426607200988,89.643491444303,-6.656680191652408,106.57175183573143,BT
309590514053514,-21.85770610861,165.95185481884,-35.16658566163294,173.47562139495346,NC
179548807357974,23.005385103705,120.43121323661,24.719285032027557,120.96644971945659,TW
528726041469936,3.6332857552313,72.958318596822,8.046825745916701,98.76146628026125,MV
568831498116619,24.732585867741577,121.74077955053384,24.699697685371586,121.81737853130704,TW
871486690248300,-19.804021310365,-63.993881510197,5.5407678563192,-73.55777417498007,BO
380042953234728,-19.161161992074,-64.572161532541,-24.238088940143708,28.992265635104992,BO
368884091223603,35.755508707073,53.366090359346,-27.05121098163156,-71.42635106141422,IR
512716496579771,12.164080960014,-68.283956526724,12.818735557295348,100.90091836059757,BQ
485436899323868,65.609323761209,-37.633778515025,64.73741889161487,-14.29030656161187,GL
172629294662585,48.532451875231,17.496813301999,48.552657814915364,17.229995512734764,SK
506770377649958,-12.679904697999794,45.08466359942028,9.101690720965525,-79.53214331036261,YT
265103101980958,14.721827633666,-60.947724527678,45.1356727677671,3.9605438365102255,MQ
517013032790983,42.403345896483,44.64336095767,42.9461086845179,44.68987774129952,GE
825755764959780,20.340364998941,-87.352869999803,26.563027655666417,-81.85688284707913,MX
3799534356839064,60.209940286403,20.246918494907,60.25396464527374,19.954609829872826,AX
134126825414739,38.270282754345,61.711075339758,38.73955746079265,58.49456601562206,TM
1397623030665407,14.493780516069648,-88.97344682800627,14.680864860519424,-88.86954486250491,HN
170949221611851,33.305143801504,126.28817369339,35.6948662406287,128.93320961154495,KR
978428179365285,33.705735440434,51.794214966505,39.84516556738435,-119.01231828542117,IR
333013904838174,32.340904308709,15.105537141291,36.3848903282721,44.58448010920802,LY
248513507027667,5.6150523860158,16.240852825971,-16.534186827464048,-48.49880067142433,CF
237495388152862,-11.621236170917,43.26262853229,14.31404000605448,-90.84335049121434,KM
3042776155952353,18.400872724367,-88.464242712832,16.819706566142514,-88.39834330590682,BZ
487380732512751,4.8184532,114.77786780001,5.297601388172802,100.500188967492,BN
290265362649999,26.177525761353,50.383620514714,24.427977499576567,54.567931234831924,BH
482049282914438,7.5885792292079,134.59098074356,0.8169443578083333,109.87398720964251,PW
225571855612889,46.763350531273,-81.597671294692,46.252488202115856,-78.71845996469527,CA
4804926129529176,15.24531506432567,-14.593708973874378,12.437679678104026,-1.2864802176490906,SN
369883598351184,-20.367575551703407,57.57618979619237,-34.44694121158198,150.84337934722328,MU
4121896524538487,24.635513307941,-76.169569569,13.00922909692603,99.80585500647221,BS
3863471930446023,-17.111944610128667,15.757158787596603,-25.771561490295753,25.023119454959037,AO
300728688257104,30.395743312589,35.487349115709,30.315450566466726,35.71079678015289,JO
1126228627789114,50.981438273289,3.9109549608118,54.80205036109607,17.83480000088375,BE
549637092752676,-14.934793656692474,13.483762083058584,-8.927084775851883,13.332657213408678,AO
1003284990411465,12.059176169795167,-15.322303903822672,15.756924977039617,73.7656846842967,GW
549574962737771,14.061193852760738,-84.04279947361962,17.781589664502196,-94.48759595694666,NI
542559790066195,33.009983226586,35.680040403337,39.72232067578424,3.2516447110767346,SY
265445685298888,13.004017262133,109.35894392193,21.726772957374102,106.69379798325264,VN
1444159855929152,12.212140324895,-61.65046673147,14.652560246074698,-61.03884580094878,GD
378257181042695,0.4223981532159322,9.46341740514976,-34.86855993830932,-56.09095814275078,GA
136200968757362,15.043474943211962,-3.1134483369205417,10.7845599440377,-0.18415956263607586,ML
533142534351766,-9.8840552815116,33.911477956503,-25.90060712461047,32.495786280564396,MW
522728752252154,41.038602463059,19.563694296348,40.95983989639004,19.60199963855597,AL
758888101326263,31.637988555726,73.231186805001,33.67912600357154,72.61657568701135,PK
305757657709496,1.0675572904673,103.9646409699,19.738022995895722,-70.53625041286423,SG
223281329232117,12.507939003947,-70.014398687436,-8.931918556415097,13.247320589513459,AW
353672373022082,41.381628312913,22.307214335612,45.184309287467215,6.432190627329352,MK
855868761633795,18.030052213813,-63.078616758552,13.791596953278772,-60.93642626194141,SX
510341753682172,18.547859996816,-68.613997996337,27.376753691009448,-80.72735125307106,DO
3864898026890576,49.490894517019,-2.5725344431006,49.34401545872704,-2.4232897060210288,GG
307754797548858,34.712695715026,-3.8563324324235,34.37122022390952,-3.7685414928870427,MA
446821260679124,-9.024115630183084,125.29622320893388,-38.61702964716296,177.4867012738369,TL
947185652683658,-2.3270469336559,-78.929168380573,-2.2905866123394802,-78.67438109397344,EC
2947290612262244,-11.652155080814,43.263890007029,-20.925904701559343,55.513711727684566,KM
2932426006995864,12.349827079376,105.09907855331,11.07630497788801,105.86626389146465,KH
271753411301610,-18.657738465691,-174.02787918873,16.844247964754647,-88.57631088979518,TO
478264666827999,61.472372240129,-6.7939711372832,61.68014832664342,-6.701855736889038,FO
1101915547131650,-35.411992228208355,-71.29963328046824,-35.48140583783264,-71.31537812952168,CL
3920872697958453,60.225200988406,20.059664271851,60.26017539176523,20.09694072900711,AX
480958303108322,18.02673753942373,-15.984917957529673,16.959988115657936,-15.690364711300056,MR
477439253471149,2.1909112658474,25.247273616721,1.785262404177607,31.724831583136755,CD
2503535586463255,5.369009126207446,163.01297824070343,1.0950128252931666,153.8261628386854,FM
699303201033596,25.12900987620192,33.08865526570508,-25.864119924831144,32.484146222665785,EG
1109009986288059,-8.6876105869135,120.2374852281,-7.0889155996872155,110.48686770206378,ID
945361122882179,12.134119747509,-68.278230013563,32.17375629572323,34.900843304080496,BQ
1086140081896052,17.025256612863,-61.868698580061,17.113442855047435,-61.66382312477062,AG
2896487987274330,-8.6384264591615,125.60292428532,-8.672291868771227,125.45953952221473,TL
2579869142308862,10.34358900767,-61.458152299031,19.425017763429736,-70.68487440965633,TT
267083508462188,52.899440738443,8.4141554815178,51.491664247199346,6.730320650981539,DE
135893315238976,8.7909434146234,-78.181606800432,19.74975524073577,99.68262407858235,PA
150017570480103,41.50666060749,21.935799073836,18.942560544679544,-99.24461400198847,MK
869032447374518,45.14353499999999,14.845183055555555,44.6874548943318,15.13026466426264,HR
919042368661061,-35.376055559767,146.26475,53.36175468105514,44.67811952250433,AU
985915661813386,-23.393263453848,44.397761247232,-25.97402573027143,32.52389115492974,MG
670850541182018,26.0204034,51.064903400000006,25.728099708456526,51.128444219815165,QA
358677975646602,18.32970950933104,-64.95126838918696,13.154408295308114,-61.227652654000245,VI
468571217849628,27.519976313624777,114.13899685380947,27.546533665352822,113.68259619167871,CN
166033172108272,39.547581612083,46.441663046559,39.68057407979341,46.250136421958686,AM
494503958271926,65.59525777881,-23.774501108369,65.72019015315247,-23.70402275399739,IS
912539252641876,-6.3006910051682,176.31917767142,10.104781294860102,76.21224738098405,TV
528519191857396,31.419084991343,35.033717818153,31.907676301605534,35.15841000323542,PS
2693852350916149,-22.134506991871,166.34104640683,-16.856238589942144,145.68339939036173,NC
943976513021626,17.310149834096,-62.711002505143,17.03241639907608,-61.83098043784286,KN
314603156759488,27.431221771339,89.646958499505,27.922009644726383,83.15481876615951,BT
142911821192377,18.124397901175595,-15.95930487738458,34.82530394760125,10.748174002454224,MR
995608364307407,62.231154398192,-7.0203744109078,62.36765436341037,-6.982440927162667,FO
920634065161187,49.245509981929,-2.1382669508349,49.17328235570714,-2.0934859987919827,JE
314870496880636,28.628362975198,48.038775336392,29.97239779447335,47.70049785895994,KW
137727984953777,-6.2967650470378,176.31787733981,23.119241719863766,89.6403607521387,TV
970870010403579,1.3869451851245,173.14684137479,20.141438261864703,-87.40463478269055,KI
319746332831620,37.296859809574,-5.7125450742042,37.384125686487494,-6.1895822416014585,ES
3035810213314122,55.003356832716,24.139338741958,55.33849612198483,24.782886664060296,LT
288447642774684,-6.1571269966165,107.04394801454,-6.989446905557004,110.50400777660516,ID
829997677895262,12.323432189112,-1.5533388682237,12.433966036937711,-1.0984955782430876,BF
106381768201986,11.974525625543,39.044869566531,8.217095957652402,38.30876378833857,ET
305230294414376,18.451313183212,-64.558514994681,15.565372422673386,-61.45420452550151,VG
883910462466493,-15.648621030725534,39.34163432285212,5.983538528907361,0.6064663589820225,MZ
492194012125902,46.117642,18.110710999899,45.32595576274618,-75.70674206891091,HU
1573490059506418,18.338429999176,-64.899272406242,19.94155242610326,-99.43481800653424,VI
766495730715953,44.706372569218,18.069343447503,41.81634101305361,2.641736789739703,BA
781285156083286,32.087994573877,-8.2233968662806,32.00889265955124,-8.218644358825838,MA
745256106153583,52.344707039659,45.336839122968,55.1000515500846,46.97608994584304,RU
1117334568775680,18.337748404316,-64.915702992028,17.013459777272754,-61.86154212834277,VI
306286164527539,33.350146257859,126.25399959043,12.263311801735195,102.30254072907839,KR
336794264546437,4.9054666559617,-52.301588003183,4.808645900369861,-52.43804796204247,GF
153474173412155,38.399164295663,71.058858396182,32.337958516718956,77.49108338923936,AF
350521240549818,31.321208568090835,27.27841709921041,31.079476343569116,28.260641108945517,EG
218975556246226,7.8821057071516,-74.834139978895,-27.409578946716294,-59.040828913075195,CO
1259603784501134,31.292411220432,35.534796522034,30.840132685604523,35.569790946466625,JO
4309223739108363,2.1266240352603,45.323364966483,17.024868505385523,54.22317615349792,SO
259978149147748,40.965992824636,70.990742663385,44.85830484575627,-111.34549375464951,UZ
764847514207415,29.990268063885,35.075916116471,31.061341438312322,35.031839833785305,JO
248250033759700,29.80888569787,-8.8927590395819,37.768337922437325,41.44330129663882,MA
454143095650719,4.754477618596,115.1672935653,4.883428520724303,114.89242503049276,BN
779725396245876,17.150242379267,95.997861485963,19.888546946670736,101.28343027235515,MM
580468796254927,1.0529367558583,104.00979134276,1.0861110376136147,104.0792670580488,SG
996366924230321,9.4509927129863,-5.632989557206,-27.39816558149052,-55.91440120768131,CI
167430881975593,48.946219066106,17.372135047934,53.048310859565646,6.324633733945613,CZ
1287753361619391,41.902938185448,12.402760733592,42.524841223411066,18.329007483830647,VA
631066277884886,8.81662211291624,-82.90477256073295,17.311358918945583,-88.45419185704283,PA
1770786233100996,69.218294531367,-51.091665910743,68.72325069103198,16.20203945662736,GL
239943934683187,68.81413122743538,15.673939453479123,65.16042409540349,-14.075986287256086,NO
481611806279393,19.322225516792,-81.380605067753,26.553702322110595,-77.88031773807637,KY
3800949300034619,38.343949995952,57.117059018247,42.8797491219783,77.25008364881704,TM
823233711883166,29.068560075854,48.084048261556,23.978548911726776,38.8229144836779,KW
450038362963389,38.978830137822,-7.2812361854766,38.18102815823706,-8.549612491806279,PT
297933462444738,13.662316404789827,-16.430340101173016,5.856622176068438,0.4080993166375075,GM
949917125580796,18.251570400358,-62.984528794394,43.367305147375404,-8.295290788347767,AI
313078556837128,55.266055994786,11.315098206416,53.30786369864828,6.017739815129979,DK
210766354219144,-26.628804736334,31.659445474276,-28.3718067836002,32.33650680282937,SZ
520708829313842,54.68692259669,9.0074931788196,53.43314235765344,13.266154204982437,DE
992154464938892,-17.65251068093,177.40709100849,-17.525669377418385,175.73287003063794,FJ
150289013771703,50.348577719861,-4.6628826388904,11.26212824521154,77.06926900580964,GB
1423738521294950,17.182641732455,-88.332789645282,17.391571873944958,-88.41567130506141,BZ
1155605118288528,14.706942793316,-61.143095527488,14.682419733918994,-61.03132436005691,MQ
2986698694926936,78.215334468879,15.012641390148,65.59919617892668,-23.173978997778274,SJ
2083829008422694,58.379655829272,6.1151443597417,59.830094464040506,5.494850470101007,NO
155652916570780,42.348418071723,20.818276988414,40.2345722627357,29.0693023484136,XK
845707173409060,13.15145888888889,-59.57003805555556,13.163209390111358,-59.58477034487238,BB
792307658322895,52.913640031191,6.8640509875213,48.477999463530736,10.051345050385967,NL
463829391356731,7.1956119778003,124.23640602451,-8.91690245620215,158.8986910174559,PH
190327429484222,18.406063827426,-66.173016157195,18.40883917928082,-66.15391346743505,PR
964385794363812,38.838166509572,140.96848476449,38.91637267673499,141.1418336689968,JP
992350614846774,12.919375038455,-85.248546579532,13.04761594545309,-85.55479902900565,NI
2898111640459899,32.288702684025,-64.767038528517,4.611764557820907,114.55035418901667,BM
156853596375003,19.653051191999,98.633327646919,17.928962179715477,98.62034782214428,TH
353101693221406,-16.097698333830845,28.68442044328358,-15.634416883050159,29.002027339180405,ZW
